customer_id,customer_name,segment,city,created_date
C00001,Customer 00001,Corporate,Negombo,2025-01-26
C00002,Customer 00002,Small Business,Negombo,2025-01-11
C00003,Customer 00003,Consumer,Negombo,2023-04-13
C00004,Customer 00004,Corporate,Galle,2023-08-21
C00005,Customer 00005,Consumer,Galle,2023-11-06
C00006,Customer 00006,Consumer,Colombo,2023-10-08
C00007,Customer 00007,Corporate,Galle,2024-07-20
C00008,Customer 00008,Corporate,Kandy,2024-10-15
C00009,Customer 00009,Consumer,Negombo,2025-06-12
C00010,Customer 00010,Corporate,Batticaloa,2024-04-25
C00011,Customer 00011,Consumer,Colombo,2023-12-15
C00012,Customer 00012,Corporate,Kandy,2023-09-16
C00013,Customer 00013,Consumer,Anuradhapura,2025-04-21
C00014,Customer 00014,Consumer,Colombo,2024-05-18
C00015,Customer 00015,Consumer,Negombo,2023-06-05
C00016,Customer 00016,Consumer,Kandy,2023-03-29
C00017,Customer 00017,Corporate,Jaffna,2024-07-25
C00018,Customer 00018,Small Business,Anuradhapura,2025-03-05
C00019,Customer 00019,Corporate,Negombo,2024-04-06
C00020,Customer 00020,Small Business,Anuradhapura,2025-05-30
C00021,Customer 00021,Small Business,Colombo,2023-11-09
C00022,Customer 00022,Small Business,Kandy,2024-09-16
C00023,Customer 00023,Consumer,Jaffna,2025-08-28
C00024,Customer 00024,Small Business,Kandy,2023-09-28
C00025,Customer 00025,Consumer,Galle,2023-06-10
C00026,Customer 00026,Consumer,Galle,2024-07-19
C00027,Customer 00027,Corporate,Batticaloa,2023-01-03
C00028,Customer 00028,Small Business,Batticaloa,2024-12-06
C00029,Customer 00029,Consumer,Jaffna,2023-10-26
C00030,Customer 00030,Small Business,Negombo,2023-10-23
C00031,Customer 00031,Corporate,Kandy,2024-12-20
C00032,Customer 00032,Consumer,Negombo,2024-12-04
C00033,Customer 00033,Small Business,Jaffna,2025-03-17
C00034,Customer 00034,Consumer,Jaffna,2024-03-11
C00035,Customer 00035,Consumer,Negombo,2024-10-25
C00036,Customer 00036,Consumer,Kandy,2025-04-26
C00037,Customer 00037,Consumer,Negombo,2023-03-03
C00038,Customer 00038,Small Business,Negombo,2024-09-01
C00039,Customer 00039,Consumer,Batticaloa,2024-03-25
C00040,Customer 00040,Corporate,Anuradhapura,2024-12-06
C00041,Customer 00041,Corporate,Batticaloa,2025-08-23
C00042,Customer 00042,Consumer,Colombo,2024-03-24
C00043,Customer 00043,Corporate,Kurunegala,2025-06-29
C00044,Customer 00044,Corporate,Colombo,2024-09-10
C00045,Customer 00045,Consumer,Colombo,2023-04-04
C00046,Customer 00046,Small Business,Negombo,2025-02-22
C00047,Customer 00047,Consumer,Galle,2024-08-13
C00048,Customer 00048,Small Business,Batticaloa,2024-04-26
C00049,Customer 00049,Corporate,Galle,2025-07-27
C00050,Customer 00050,Corporate,Batticaloa,2024-08-22
C00051,Customer 00051,Consumer,Batticaloa,2025-09-19
C00052,Customer 00052,Corporate,Kurunegala,2023-12-23
C00053,Customer 00053,Small Business,Kandy,2023-11-25
C00054,Customer 00054,Consumer,Kurunegala,2025-05-28
C00055,Customer 00055,Small Business,Batticaloa,2024-02-26
C00056,Customer 00056,Small Business,Anuradhapura,2023-10-23
C00057,Customer 00057,Small Business,Colombo,2025-04-13
C00058,Customer 00058,Consumer,Kurunegala,2024-04-10
C00059,Customer 00059,Corporate,Kandy,2023-09-16
C00060,Customer 00060,Corporate,Colombo,2025-09-20
C00061,Customer 00061,Small Business,Batticaloa,2024-11-04
C00062,Customer 00062,Consumer,Jaffna,2024-02-28
C00063,Customer 00063,Corporate,Batticaloa,2024-06-14
C00064,Customer 00064,Corporate,Colombo,2024-10-02
C00065,Customer 00065,Corporate,Galle,2023-07-28
C00066,Customer 00066,Corporate,Batticaloa,2025-08-07
C00067,Customer 00067,Small Business,Batticaloa,2025-06-20
C00068,Customer 00068,Consumer,Jaffna,2023-05-05
C00069,Customer 00069,Consumer,Negombo,2024-12-27
C00070,Customer 00070,Consumer,Anuradhapura,2024-07-18
C00071,Customer 00071,Consumer,Kandy,2023-04-06
C00072,Customer 00072,Consumer,Galle,2024-04-17
C00073,Customer 00073,Small Business,Negombo,2024-05-25
C00074,Customer 00074,Small Business,Negombo,2024-06-05
C00075,Customer 00075,Corporate,Batticaloa,2024-03-01
C00076,Customer 00076,Corporate,Galle,2023-09-07
C00077,Customer 00077,Consumer,Galle,2024-01-28
C00078,Customer 00078,Consumer,Negombo,2025-06-03
C00079,Customer 00079,Corporate,Kurunegala,2025-03-02
C00080,Customer 00080,Small Business,Negombo,2025-08-14
C00081,Customer 00081,Consumer,Negombo,2025-04-20
C00082,Customer 00082,Corporate,Batticaloa,2025-01-13
C00083,Customer 00083,Consumer,Batticaloa,2025-06-05
C00084,Customer 00084,Corporate,Kurunegala,2024-07-05
C00085,Customer 00085,Small Business,Anuradhapura,2023-12-07
C00086,Customer 00086,Corporate,Jaffna,2024-04-11
C00087,Customer 00087,Consumer,Anuradhapura,2024-12-15
C00088,Customer 00088,Corporate,Colombo,2023-08-28
C00089,Customer 00089,Small Business,Batticaloa,2023-11-22
C00090,Customer 00090,Corporate,Anuradhapura,2024-12-23
C00091,Customer 00091,Small Business,Galle,2024-11-10
C00092,Customer 00092,Consumer,Galle,2024-05-22
C00093,Customer 00093,Small Business,Kurunegala,2024-05-29
C00094,Customer 00094,Consumer,Batticaloa,2025-06-09
C00095,Customer 00095,Small Business,Batticaloa,2023-04-13
C00096,Customer 00096,Small Business,Galle,2023-01-16
C00097,Customer 00097,Small Business,Galle,2024-02-24
C00098,Customer 00098,Corporate,Negombo,2023-03-18
C00099,Customer 00099,Small Business,Anuradhapura,2023-12-13
C00100,Customer 00100,Consumer,Kurunegala,2024-10-27
C00101,Customer 00101,Small Business,Anuradhapura,2025-05-22
C00102,Customer 00102,Corporate,Batticaloa,2025-09-04
C00103,Customer 00103,Small Business,Colombo,2025-06-12
C00104,Customer 00104,Consumer,Jaffna,2024-09-24
C00105,Customer 00105,Small Business,Negombo,2024-10-08
C00106,Customer 00106,Small Business,Kandy,2023-08-21
C00107,Customer 00107,Consumer,Kandy,2024-03-20
C00108,Customer 00108,Consumer,Negombo,2024-03-30
C00109,Customer 00109,Consumer,Colombo,2025-07-14
C00110,Customer 00110,Consumer,Negombo,2023-11-29
C00111,Customer 00111,Corporate,Anuradhapura,2024-01-03
C00112,Customer 00112,Consumer,Anuradhapura,2023-05-30
C00113,Customer 00113,Small Business,Galle,2024-08-02
C00114,Customer 00114,Consumer,Kandy,2023-06-24
C00115,Customer 00115,Corporate,Jaffna,2024-09-16
C00116,Customer 00116,Small Business,Galle,2024-05-24
C00117,Customer 00117,Corporate,Negombo,2023-08-26
C00118,Customer 00118,Corporate,Colombo,2024-04-15
C00119,Customer 00119,Corporate,Negombo,2025-07-09
C00120,Customer 00120,Small Business,Galle,2024-11-24
C00121,Customer 00121,Corporate,Kurunegala,2023-03-17
C00122,Customer 00122,Corporate,Anuradhapura,2024-08-24
C00123,Customer 00123,Corporate,Batticaloa,2024-12-07
C00124,Customer 00124,Corporate,Jaffna,2025-05-15
C00125,Customer 00125,Corporate,Kandy,2024-01-29
C00126,Customer 00126,Corporate,Kurunegala,2023-08-31
C00127,Customer 00127,Corporate,Negombo,2024-08-11
C00128,Customer 00128,Small Business,Anuradhapura,2023-01-23
C00129,Customer 00129,Consumer,Colombo,2023-10-09
C00130,Customer 00130,Small Business,Batticaloa,2025-07-21
C00131,Customer 00131,Corporate,Jaffna,2025-05-02
C00132,Customer 00132,Corporate,Jaffna,2024-09-13
C00133,Customer 00133,Consumer,Negombo,2024-10-13
C00134,Customer 00134,Small Business,Galle,2024-11-25
C00135,Customer 00135,Consumer,Colombo,2024-10-05
C00136,Customer 00136,Corporate,Colombo,2023-11-13
C00137,Customer 00137,Corporate,Galle,2024-08-16
C00138,Customer 00138,Corporate,Kurunegala,2023-04-03
C00139,Customer 00139,Corporate,Galle,2025-02-04
C00140,Customer 00140,Consumer,Kurunegala,2023-07-25
C00141,Customer 00141,Small Business,Negombo,2024-06-27
C00142,Customer 00142,Consumer,Negombo,2025-04-30
C00143,Customer 00143,Corporate,Negombo,2025-07-24
C00144,Customer 00144,Corporate,Kandy,2025-02-03
C00145,Customer 00145,Consumer,Galle,2024-04-24
C00146,Customer 00146,Consumer,Anuradhapura,2025-02-11
C00147,Customer 00147,Small Business,Kurunegala,2025-09-17
C00148,Customer 00148,Corporate,Colombo,2023-04-03
C00149,Customer 00149,Small Business,Kandy,2023-09-28
C00150,Customer 00150,Corporate,Negombo,2024-04-10
C00151,Customer 00151,Corporate,Kurunegala,2024-08-21
C00152,Customer 00152,Small Business,Jaffna,2023-04-21
C00153,Customer 00153,Consumer,Kurunegala,2024-04-27
C00154,Customer 00154,Small Business,Jaffna,2025-07-26
C00155,Customer 00155,Consumer,Batticaloa,2024-10-25
C00156,Customer 00156,Small Business,Negombo,2025-07-20
C00157,Customer 00157,Corporate,Kandy,2024-10-26
C00158,Customer 00158,Consumer,Colombo,2023-05-24
C00159,Customer 00159,Corporate,Kandy,2023-11-08
C00160,Customer 00160,Consumer,Galle,2023-04-10
C00161,Customer 00161,Corporate,Kurunegala,2024-02-02
C00162,Customer 00162,Small Business,Anuradhapura,2024-11-17
C00163,Customer 00163,Small Business,Galle,2024-08-24
C00164,Customer 00164,Corporate,Kandy,2025-06-25
C00165,Customer 00165,Corporate,Anuradhapura,2025-05-03
C00166,Customer 00166,Corporate,Colombo,2025-08-19
C00167,Customer 00167,Corporate,Jaffna,2024-12-07
C00168,Customer 00168,Corporate,Jaffna,2024-03-30
C00169,Customer 00169,Corporate,Kandy,2025-05-25
C00170,Customer 00170,Corporate,Kurunegala,2024-12-03
C00171,Customer 00171,Corporate,Negombo,2023-03-04
C00172,Customer 00172,Consumer,Batticaloa,2023-07-14
C00173,Customer 00173,Small Business,Jaffna,2023-04-04
C00174,Customer 00174,Small Business,Colombo,2024-10-19
C00175,Customer 00175,Corporate,Jaffna,2023-02-21
C00176,Customer 00176,Small Business,Jaffna,2023-05-09
C00177,Customer 00177,Small Business,Jaffna,2023-03-12
C00178,Customer 00178,Consumer,Jaffna,2024-08-23
C00179,Customer 00179,Consumer,Colombo,2023-12-03
C00180,Customer 00180,Consumer,Galle,2023-10-11
C00181,Customer 00181,Corporate,Galle,2024-07-07
C00182,Customer 00182,Small Business,Colombo,2023-04-23
C00183,Customer 00183,Consumer,Kurunegala,2023-05-15
C00184,Customer 00184,Consumer,Kurunegala,2025-03-19
C00185,Customer 00185,Consumer,Negombo,2023-01-17
C00186,Customer 00186,Consumer,Anuradhapura,2023-02-23
C00187,Customer 00187,Consumer,Kandy,2024-06-22
C00188,Customer 00188,Corporate,Kurunegala,2024-05-02
C00189,Customer 00189,Small Business,Kandy,2024-06-09
C00190,Customer 00190,Small Business,Jaffna,2024-04-07
C00191,Customer 00191,Small Business,Colombo,2025-08-26
C00192,Customer 00192,Small Business,Negombo,2025-01-14
C00193,Customer 00193,Small Business,Colombo,2024-04-14
C00194,Customer 00194,Corporate,Anuradhapura,2023-03-04
C00195,Customer 00195,Small Business,Kandy,2024-03-12
C00196,Customer 00196,Small Business,Batticaloa,2024-05-17
C00197,Customer 00197,Consumer,Kurunegala,2023-03-17
C00198,Customer 00198,Consumer,Kandy,2024-09-14
C00199,Customer 00199,Corporate,Kurunegala,2023-05-10
C00200,Customer 00200,Small Business,Negombo,2024-01-26
C00201,Customer 00201,Small Business,Anuradhapura,2024-04-09
C00202,Customer 00202,Small Business,Kandy,2023-04-12
C00203,Customer 00203,Small Business,Jaffna,2025-05-23
C00204,Customer 00204,Corporate,Jaffna,2024-03-16
C00205,Customer 00205,Corporate,Batticaloa,2024-02-28
C00206,Customer 00206,Corporate,Kandy,2024-02-13
C00207,Customer 00207,Corporate,Kurunegala,2023-11-17
C00208,Customer 00208,Corporate,Kurunegala,2024-11-12
C00209,Customer 00209,Consumer,Batticaloa,2025-09-03
C00210,Customer 00210,Consumer,Kandy,2023-03-10
C00211,Customer 00211,Corporate,Kandy,2023-04-06
C00212,Customer 00212,Small Business,Kurunegala,2025-02-01
C00213,Customer 00213,Consumer,Colombo,2025-04-11
C00214,Customer 00214,Small Business,Kurunegala,2024-08-23
C00215,Customer 00215,Consumer,Anuradhapura,2024-11-17
C00216,Customer 00216,Small Business,Anuradhapura,2023-12-29
C00217,Customer 00217,Small Business,Colombo,2025-06-07
C00218,Customer 00218,Corporate,Negombo,2025-09-18
C00219,Customer 00219,Consumer,Jaffna,2023-12-27
C00220,Customer 00220,Small Business,Batticaloa,2023-06-08
C00221,Customer 00221,Consumer,Kurunegala,2023-08-18
C00222,Customer 00222,Small Business,Kurunegala,2025-05-15
C00223,Customer 00223,Corporate,Jaffna,2023-04-28
C00224,Customer 00224,Corporate,Colombo,2025-04-06
C00225,Customer 00225,Small Business,Negombo,2024-09-15
C00226,Customer 00226,Consumer,Negombo,2023-01-30
C00227,Customer 00227,Corporate,Kurunegala,2024-12-20
C00228,Customer 00228,Consumer,Galle,2023-12-26
C00229,Customer 00229,Consumer,Anuradhapura,2025-06-09
C00230,Customer 00230,Consumer,Colombo,2023-03-13
C00231,Customer 00231,Small Business,Jaffna,2023-04-04
C00232,Customer 00232,Corporate,Batticaloa,2024-01-21
C00233,Customer 00233,Consumer,Kurunegala,2023-12-16
C00234,Customer 00234,Small Business,Kurunegala,2023-11-16
C00235,Customer 00235,Small Business,Kandy,2025-03-06
C00236,Customer 00236,Consumer,Galle,2025-06-23
C00237,Customer 00237,Small Business,Colombo,2023-06-11
C00238,Customer 00238,Consumer,Negombo,2024-11-21
C00239,Customer 00239,Small Business,Anuradhapura,2024-03-29
C00240,Customer 00240,Small Business,Batticaloa,2024-05-12
C00241,Customer 00241,Corporate,Jaffna,2024-02-29
C00242,Customer 00242,Small Business,Kandy,2025-02-12
C00243,Customer 00243,Corporate,Kandy,2023-12-20
C00244,Customer 00244,Small Business,Batticaloa,2023-10-18
C00245,Customer 00245,Small Business,Negombo,2024-06-23
C00246,Customer 00246,Consumer,Anuradhapura,2023-02-16
C00247,Customer 00247,Consumer,Colombo,2024-09-05
C00248,Customer 00248,Corporate,Jaffna,2023-07-29
C00249,Customer 00249,Consumer,Negombo,2025-02-24
C00250,Customer 00250,Corporate,Kandy,2023-10-24
C00251,Customer 00251,Corporate,Anuradhapura,2023-01-08
C00252,Customer 00252,Consumer,Anuradhapura,2023-06-29
C00253,Customer 00253,Small Business,Jaffna,2024-06-29
C00254,Customer 00254,Small Business,Kurunegala,2024-05-27
C00255,Customer 00255,Corporate,Colombo,2023-03-15
C00256,Customer 00256,Consumer,Batticaloa,2024-03-22
C00257,Customer 00257,Consumer,Kurunegala,2025-08-01
C00258,Customer 00258,Corporate,Anuradhapura,2024-08-12
C00259,Customer 00259,Small Business,Anuradhapura,2024-12-27
C00260,Customer 00260,Consumer,Anuradhapura,2023-10-24
C00261,Customer 00261,Corporate,Galle,2023-01-22
C00262,Customer 00262,Small Business,Batticaloa,2025-03-31
C00263,Customer 00263,Small Business,Kurunegala,2025-05-01
C00264,Customer 00264,Corporate,Kandy,2023-04-01
C00265,Customer 00265,Corporate,Anuradhapura,2023-09-07
C00266,Customer 00266,Consumer,Anuradhapura,2024-06-20
C00267,Customer 00267,Corporate,Kurunegala,2025-06-10
C00268,Customer 00268,Corporate,Galle,2023-08-15
C00269,Customer 00269,Small Business,Kandy,2023-03-20
C00270,Customer 00270,Small Business,Jaffna,2024-06-27
C00271,Customer 00271,Corporate,Kurunegala,2025-07-16
C00272,Customer 00272,Small Business,Galle,2025-01-14
C00273,Customer 00273,Consumer,Galle,2023-08-30
C00274,Customer 00274,Consumer,Galle,2023-09-20
C00275,Customer 00275,Consumer,Kandy,2024-09-08
C00276,Customer 00276,Small Business,Batticaloa,2023-07-01
C00277,Customer 00277,Small Business,Batticaloa,2024-04-20
C00278,Customer 00278,Small Business,Kurunegala,2024-11-28
C00279,Customer 00279,Small Business,Kurunegala,2025-06-03
C00280,Customer 00280,Corporate,Kandy,2023-06-04
C00281,Customer 00281,Corporate,Negombo,2024-04-25
C00282,Customer 00282,Corporate,Colombo,2025-03-26
C00283,Customer 00283,Small Business,Kandy,2023-12-27
C00284,Customer 00284,Corporate,Batticaloa,2023-11-14
C00285,Customer 00285,Consumer,Kurunegala,2023-02-08
C00286,Customer 00286,Corporate,Kandy,2025-05-01
C00287,Customer 00287,Consumer,Anuradhapura,2024-10-22
C00288,Customer 00288,Small Business,Colombo,2024-04-18
C00289,Customer 00289,Small Business,Jaffna,2024-04-05
C00290,Customer 00290,Small Business,Batticaloa,2023-11-26
C00291,Customer 00291,Consumer,Colombo,2024-05-28
C00292,Customer 00292,Consumer,Kurunegala,2024-04-06
C00293,Customer 00293,Consumer,Galle,2025-01-01
C00294,Customer 00294,Consumer,Batticaloa,2023-02-10
C00295,Customer 00295,Small Business,Galle,2024-03-25
C00296,Customer 00296,Corporate,Negombo,2024-01-08
C00297,Customer 00297,Corporate,Kurunegala,2024-02-01
C00298,Customer 00298,Small Business,Colombo,2024-11-26
C00299,Customer 00299,Small Business,Kurunegala,2025-03-19
C00300,Customer 00300,Corporate,Kandy,2023-03-09
C00301,Customer 00301,Small Business,Anuradhapura,2024-07-25
C00302,Customer 00302,Corporate,Galle,2023-10-18
C00303,Customer 00303,Consumer,Galle,2023-12-08
C00304,Customer 00304,Corporate,Negombo,2025-07-27
C00305,Customer 00305,Small Business,Anuradhapura,2025-09-17
C00306,Customer 00306,Small Business,Kandy,2023-05-13
C00307,Customer 00307,Small Business,Anuradhapura,2023-11-14
C00308,Customer 00308,Corporate,Galle,2024-10-20
C00309,Customer 00309,Small Business,Kandy,2024-11-17
C00310,Customer 00310,Small Business,Anuradhapura,2024-10-23
C00311,Customer 00311,Corporate,Colombo,2024-06-04
C00312,Customer 00312,Corporate,Galle,2024-01-07
C00313,Customer 00313,Consumer,Kurunegala,2025-08-31
C00314,Customer 00314,Corporate,Jaffna,2025-08-28
C00315,Customer 00315,Consumer,Galle,2023-08-20
C00316,Customer 00316,Corporate,Kandy,2023-03-21
C00317,Customer 00317,Small Business,Colombo,2024-06-03
C00318,Customer 00318,Corporate,Galle,2024-11-08
C00319,Customer 00319,Corporate,Galle,2024-09-03
C00320,Customer 00320,Consumer,Galle,2023-06-16
C00321,Customer 00321,Corporate,Colombo,2025-01-08
C00322,Customer 00322,Corporate,Jaffna,2024-02-25
C00323,Customer 00323,Corporate,Negombo,2025-09-19
C00324,Customer 00324,Small Business,Batticaloa,2025-02-09
C00325,Customer 00325,Small Business,Jaffna,2023-08-28
C00326,Customer 00326,Corporate,Jaffna,2023-11-13
C00327,Customer 00327,Small Business,Batticaloa,2024-01-12
C00328,Customer 00328,Corporate,Anuradhapura,2024-04-17
C00329,Customer 00329,Small Business,Anuradhapura,2024-05-29
C00330,Customer 00330,Consumer,Jaffna,2025-09-16
C00331,Customer 00331,Small Business,Galle,2025-03-31
C00332,Customer 00332,Corporate,Colombo,2025-06-12
C00333,Customer 00333,Corporate,Kurunegala,2024-10-18
C00334,Customer 00334,Consumer,Kandy,2024-07-21
C00335,Customer 00335,Consumer,Galle,2023-10-19
C00336,Customer 00336,Corporate,Galle,2023-10-07
C00337,Customer 00337,Corporate,Kandy,2025-04-30
C00338,Customer 00338,Consumer,Batticaloa,2025-08-27
C00339,Customer 00339,Corporate,Colombo,2025-06-24
C00340,Customer 00340,Consumer,Anuradhapura,2024-02-29
C00341,Customer 00341,Corporate,Jaffna,2024-05-29
C00342,Customer 00342,Consumer,Kurunegala,2024-01-31
C00343,Customer 00343,Consumer,Kurunegala,2023-08-18
C00344,Customer 00344,Consumer,Kurunegala,2025-08-11
C00345,Customer 00345,Consumer,Galle,2025-03-21
C00346,Customer 00346,Corporate,Batticaloa,2023-02-09
C00347,Customer 00347,Consumer,Batticaloa,2024-12-13
C00348,Customer 00348,Small Business,Colombo,2024-04-04
C00349,Customer 00349,Consumer,Colombo,2025-07-16
C00350,Customer 00350,Consumer,Galle,2023-09-20
C00351,Customer 00351,Small Business,Anuradhapura,2024-07-15
C00352,Customer 00352,Corporate,Jaffna,2023-04-24
C00353,Customer 00353,Consumer,Colombo,2023-11-05
C00354,Customer 00354,Corporate,Batticaloa,2023-09-02
C00355,Customer 00355,Consumer,Batticaloa,2023-03-06
C00356,Customer 00356,Small Business,Colombo,2024-09-03
C00357,Customer 00357,Small Business,Jaffna,2024-10-09
C00358,Customer 00358,Consumer,Negombo,2025-01-05
C00359,Customer 00359,Consumer,Kurunegala,2024-03-15
C00360,Customer 00360,Small Business,Anuradhapura,2023-09-04
C00361,Customer 00361,Small Business,Kandy,2023-07-11
C00362,Customer 00362,Corporate,Kandy,2024-06-20
C00363,Customer 00363,Small Business,Colombo,2025-09-03
C00364,Customer 00364,Corporate,Colombo,2024-02-04
C00365,Customer 00365,Corporate,Kurunegala,2024-10-12
C00366,Customer 00366,Small Business,Colombo,2023-09-17
C00367,Customer 00367,Consumer,Kurunegala,2024-01-01
C00368,Customer 00368,Small Business,Kandy,2023-09-04
C00369,Customer 00369,Small Business,Kurunegala,2025-03-01
C00370,Customer 00370,Consumer,Kurunegala,2023-05-17
C00371,Customer 00371,Corporate,Galle,2024-07-13
C00372,Customer 00372,Small Business,Batticaloa,2025-04-30
C00373,Customer 00373,Corporate,Galle,2024-12-13
C00374,Customer 00374,Consumer,Kandy,2025-04-10
C00375,Customer 00375,Corporate,Colombo,2025-01-03
C00376,Customer 00376,Consumer,Colombo,2023-10-28
C00377,Customer 00377,Consumer,Colombo,2025-03-21
C00378,Customer 00378,Corporate,Anuradhapura,2023-11-20
C00379,Customer 00379,Small Business,Batticaloa,2025-04-14
C00380,Customer 00380,Consumer,Jaffna,2023-09-17
C00381,Customer 00381,Corporate,Colombo,2023-10-20
C00382,Customer 00382,Small Business,Kurunegala,2025-06-05
C00383,Customer 00383,Consumer,Kurunegala,2023-10-07
C00384,Customer 00384,Corporate,Batticaloa,2024-03-23
C00385,Customer 00385,Corporate,Kurunegala,2025-07-05
C00386,Customer 00386,Consumer,Batticaloa,2025-09-24
C00387,Customer 00387,Corporate,Kurunegala,2024-12-09
C00388,Customer 00388,Small Business,Negombo,2025-08-04
C00389,Customer 00389,Consumer,Anuradhapura,2025-03-31
C00390,Customer 00390,Corporate,Galle,2023-03-22
C00391,Customer 00391,Corporate,Kurunegala,2024-07-12
C00392,Customer 00392,Consumer,Kurunegala,2023-04-16
C00393,Customer 00393,Corporate,Negombo,2024-11-07
C00394,Customer 00394,Small Business,Anuradhapura,2024-04-01
C00395,Customer 00395,Small Business,Batticaloa,2023-06-20
C00396,Customer 00396,Corporate,Colombo,2023-12-26
C00397,Customer 00397,Corporate,Anuradhapura,2025-01-14
C00398,Customer 00398,Small Business,Colombo,2023-10-09
C00399,Customer 00399,Small Business,Anuradhapura,2023-03-18
C00400,Customer 00400,Small Business,Galle,2024-01-08
C00401,Customer 00401,Consumer,Galle,2025-09-02
C00402,Customer 00402,Small Business,Batticaloa,2025-05-19
C00403,Customer 00403,Consumer,Kandy,2023-02-05
C00404,Customer 00404,Small Business,Kurunegala,2023-08-30
C00405,Customer 00405,Corporate,Colombo,2024-01-06
C00406,Customer 00406,Consumer,Batticaloa,2024-09-11
C00407,Customer 00407,Corporate,Kurunegala,2025-08-29
C00408,Customer 00408,Consumer,Galle,2024-03-30
C00409,Customer 00409,Corporate,Anuradhapura,2024-06-26
C00410,Customer 00410,Small Business,Negombo,2023-11-18
C00411,Customer 00411,Consumer,Colombo,2023-09-13
C00412,Customer 00412,Consumer,Batticaloa,2025-01-23
C00413,Customer 00413,Corporate,Kandy,2024-06-14
C00414,Customer 00414,Corporate,Batticaloa,2023-09-26
C00415,Customer 00415,Small Business,Negombo,2023-08-08
C00416,Customer 00416,Corporate,Jaffna,2024-12-11
C00417,Customer 00417,Consumer,Kandy,2023-05-06
C00418,Customer 00418,Consumer,Batticaloa,2024-04-07
C00419,Customer 00419,Small Business,Kurunegala,2023-03-31
C00420,Customer 00420,Corporate,Kandy,2024-11-14
C00421,Customer 00421,Small Business,Negombo,2024-07-17
C00422,Customer 00422,Corporate,Galle,2025-07-01
C00423,Customer 00423,Small Business,Galle,2024-12-29
C00424,Customer 00424,Corporate,Jaffna,2025-03-23
C00425,Customer 00425,Consumer,Galle,2023-05-05
C00426,Customer 00426,Corporate,Colombo,2023-08-31
C00427,Customer 00427,Small Business,Kurunegala,2024-01-05
C00428,Customer 00428,Small Business,Galle,2024-04-23
C00429,Customer 00429,Consumer,Kandy,2024-09-18
C00430,Customer 00430,Corporate,Batticaloa,2023-11-13
C00431,Customer 00431,Corporate,Anuradhapura,2024-06-22
C00432,Customer 00432,Small Business,Kandy,2025-04-23
C00433,Customer 00433,Corporate,Kandy,2023-05-09
C00434,Customer 00434,Corporate,Kurunegala,2024-04-05
C00435,Customer 00435,Small Business,Galle,2023-05-12
C00436,Customer 00436,Consumer,Anuradhapura,2025-02-25
C00437,Customer 00437,Consumer,Kandy,2024-05-29
C00438,Customer 00438,Consumer,Negombo,2024-06-14
C00439,Customer 00439,Consumer,Kurunegala,2023-06-18
C00440,Customer 00440,Small Business,Jaffna,2025-08-15
C00441,Customer 00441,Small Business,Negombo,2023-12-21
C00442,Customer 00442,Consumer,Negombo,2025-05-16
C00443,Customer 00443,Small Business,Negombo,2023-07-21
C00444,Customer 00444,Small Business,Negombo,2023-05-09
C00445,Customer 00445,Small Business,Kandy,2024-09-21
C00446,Customer 00446,Small Business,Galle,2024-05-29
C00447,Customer 00447,Small Business,Galle,2024-08-29
C00448,Customer 00448,Small Business,Kurunegala,2023-06-25
C00449,Customer 00449,Small Business,Colombo,2025-05-12
C00450,Customer 00450,Consumer,Kandy,2025-04-25
C00451,Customer 00451,Small Business,Negombo,2023-02-16
C00452,Customer 00452,Consumer,Anuradhapura,2024-10-28
C00453,Customer 00453,Small Business,Colombo,2024-09-24
C00454,Customer 00454,Small Business,Negombo,2024-05-24
C00455,Customer 00455,Corporate,Batticaloa,2024-10-19
C00456,Customer 00456,Small Business,Anuradhapura,2023-09-08
C00457,Customer 00457,Corporate,Kandy,2023-11-01
C00458,Customer 00458,Consumer,Galle,2024-12-06
C00459,Customer 00459,Corporate,Batticaloa,2024-03-26
C00460,Customer 00460,Consumer,Kurunegala,2024-04-20
C00461,Customer 00461,Consumer,Kurunegala,2024-09-13
C00462,Customer 00462,Small Business,Kurunegala,2025-06-01
C00463,Customer 00463,Corporate,Anuradhapura,2025-01-21
C00464,Customer 00464,Corporate,Kandy,2023-05-14
C00465,Customer 00465,Consumer,Batticaloa,2023-11-23
C00466,Customer 00466,Corporate,Batticaloa,2023-05-06
C00467,Customer 00467,Consumer,Kandy,2023-09-11
C00468,Customer 00468,Corporate,Anuradhapura,2023-02-21
C00469,Customer 00469,Small Business,Anuradhapura,2025-06-03
C00470,Customer 00470,Consumer,Kurunegala,2023-09-12
C00471,Customer 00471,Small Business,Kurunegala,2025-08-14
C00472,Customer 00472,Consumer,Batticaloa,2023-07-14
C00473,Customer 00473,Corporate,Batticaloa,2024-06-11
C00474,Customer 00474,Corporate,Batticaloa,2025-06-19
C00475,Customer 00475,Consumer,Anuradhapura,2023-01-24
C00476,Customer 00476,Corporate,Jaffna,2024-06-01
C00477,Customer 00477,Small Business,Kurunegala,2023-08-09
C00478,Customer 00478,Consumer,Negombo,2023-02-19
C00479,Customer 00479,Small Business,Batticaloa,2024-05-21
C00480,Customer 00480,Small Business,Colombo,2023-10-20
C00481,Customer 00481,Consumer,Anuradhapura,2025-05-17
C00482,Customer 00482,Corporate,Kurunegala,2023-05-18
C00483,Customer 00483,Corporate,Kurunegala,2025-02-21
C00484,Customer 00484,Corporate,Colombo,2023-02-16
C00485,Customer 00485,Small Business,Jaffna,2024-08-06
C00486,Customer 00486,Small Business,Negombo,2024-01-07
C00487,Customer 00487,Corporate,Batticaloa,2023-03-17
C00488,Customer 00488,Small Business,Negombo,2025-02-21
C00489,Customer 00489,Small Business,Kandy,2025-04-25
C00490,Customer 00490,Consumer,Anuradhapura,2023-05-12
C00491,Customer 00491,Corporate,Kurunegala,2024-01-18
C00492,Customer 00492,Consumer,Jaffna,2025-02-12
C00493,Customer 00493,Small Business,Anuradhapura,2024-09-08
C00494,Customer 00494,Consumer,Colombo,2024-05-27
C00495,Customer 00495,Consumer,Kurunegala,2023-02-09
C00496,Customer 00496,Corporate,Batticaloa,2025-04-03
C00497,Customer 00497,Small Business,Galle,2023-06-02
C00498,Customer 00498,Small Business,Kurunegala,2023-12-02
C00499,Customer 00499,Corporate,Negombo,2023-06-16
C00500,Customer 00500,Corporate,Batticaloa,2024-08-30
C00501,Customer 00501,Small Business,Negombo,2024-12-26
C00502,Customer 00502,Consumer,Kurunegala,2024-05-01
C00503,Customer 00503,Small Business,Kandy,2023-12-06
C00504,Customer 00504,Small Business,Negombo,2024-03-02
C00505,Customer 00505,Small Business,Colombo,2025-03-26
C00506,Customer 00506,Corporate,Negombo,2024-09-03
C00507,Customer 00507,Small Business,Jaffna,2025-09-17
C00508,Customer 00508,Consumer,Batticaloa,2025-01-08
C00509,Customer 00509,Small Business,Anuradhapura,2023-06-24
C00510,Customer 00510,Small Business,Jaffna,2023-06-01
C00511,Customer 00511,Small Business,Kandy,2023-02-02
C00512,Customer 00512,Consumer,Batticaloa,2023-07-15
C00513,Customer 00513,Corporate,Galle,2023-11-18
C00514,Customer 00514,Small Business,Jaffna,2024-02-27
C00515,Customer 00515,Small Business,Batticaloa,2024-02-25
C00516,Customer 00516,Small Business,Colombo,2025-06-12
C00517,Customer 00517,Consumer,Jaffna,2024-12-23
C00518,Customer 00518,Corporate,Batticaloa,2024-07-28
C00519,Customer 00519,Corporate,Kurunegala,2024-06-22
C00520,Customer 00520,Consumer,Batticaloa,2025-09-06
C00521,Customer 00521,Small Business,Kurunegala,2025-07-23
C00522,Customer 00522,Corporate,Negombo,2024-07-13
C00523,Customer 00523,Corporate,Jaffna,2024-09-16
C00524,Customer 00524,Consumer,Negombo,2025-09-07
C00525,Customer 00525,Corporate,Jaffna,2024-07-25
C00526,Customer 00526,Corporate,Negombo,2025-08-22
C00527,Customer 00527,Consumer,Batticaloa,2024-12-22
C00528,Customer 00528,Corporate,Kurunegala,2023-11-21
C00529,Customer 00529,Small Business,Negombo,2024-07-27
C00530,Customer 00530,Consumer,Anuradhapura,2023-10-22
C00531,Customer 00531,Corporate,Kurunegala,2025-07-06
C00532,Customer 00532,Consumer,Negombo,2025-09-04
C00533,Customer 00533,Corporate,Kandy,2023-02-13
C00534,Customer 00534,Corporate,Negombo,2023-12-21
C00535,Customer 00535,Corporate,Jaffna,2025-02-04
C00536,Customer 00536,Small Business,Negombo,2023-07-26
C00537,Customer 00537,Small Business,Negombo,2025-08-13
C00538,Customer 00538,Consumer,Jaffna,2023-05-21
C00539,Customer 00539,Consumer,Jaffna,2023-09-06
C00540,Customer 00540,Consumer,Colombo,2024-10-15
C00541,Customer 00541,Corporate,Kurunegala,2023-04-13
C00542,Customer 00542,Corporate,Kandy,2025-01-04
C00543,Customer 00543,Consumer,Colombo,2024-11-28
C00544,Customer 00544,Small Business,Galle,2025-09-14
C00545,Customer 00545,Small Business,Batticaloa,2024-02-21
C00546,Customer 00546,Small Business,Jaffna,2024-05-03
C00547,Customer 00547,Corporate,Kurunegala,2025-02-13
C00548,Customer 00548,Small Business,Colombo,2023-10-20
C00549,Customer 00549,Consumer,Jaffna,2025-07-18
C00550,Customer 00550,Small Business,Colombo,2024-07-01
C00551,Customer 00551,Consumer,Anuradhapura,2025-07-24
C00552,Customer 00552,Consumer,Colombo,2025-06-22
C00553,Customer 00553,Corporate,Batticaloa,2025-05-06
C00554,Customer 00554,Small Business,Negombo,2023-07-10
C00555,Customer 00555,Consumer,Colombo,2025-06-16
C00556,Customer 00556,Small Business,Kandy,2023-11-02
C00557,Customer 00557,Corporate,Negombo,2025-08-08
C00558,Customer 00558,Small Business,Batticaloa,2024-04-10
C00559,Customer 00559,Consumer,Batticaloa,2025-06-29
C00560,Customer 00560,Consumer,Kandy,2023-10-07
C00561,Customer 00561,Consumer,Batticaloa,2023-12-05
C00562,Customer 00562,Corporate,Galle,2024-10-25
C00563,Customer 00563,Small Business,Kurunegala,2023-01-15
C00564,Customer 00564,Corporate,Jaffna,2025-03-20
C00565,Customer 00565,Small Business,Anuradhapura,2023-06-29
C00566,Customer 00566,Corporate,Kurunegala,2025-04-26
C00567,Customer 00567,Corporate,Kandy,2023-03-30
C00568,Customer 00568,Consumer,Batticaloa,2023-07-09
C00569,Customer 00569,Consumer,Colombo,2023-11-28
C00570,Customer 00570,Corporate,Jaffna,2023-09-25
C00571,Customer 00571,Corporate,Kurunegala,2024-04-02
C00572,Customer 00572,Small Business,Colombo,2023-11-06
C00573,Customer 00573,Small Business,Kurunegala,2023-09-25
C00574,Customer 00574,Consumer,Colombo,2024-12-10
C00575,Customer 00575,Consumer,Batticaloa,2024-11-14
C00576,Customer 00576,Consumer,Anuradhapura,2023-11-11
C00577,Customer 00577,Small Business,Negombo,2024-12-03
C00578,Customer 00578,Consumer,Negombo,2024-12-07
C00579,Customer 00579,Small Business,Jaffna,2024-01-12
C00580,Customer 00580,Consumer,Batticaloa,2023-08-13
C00581,Customer 00581,Corporate,Kurunegala,2023-06-06
C00582,Customer 00582,Small Business,Batticaloa,2024-03-01
C00583,Customer 00583,Small Business,Jaffna,2025-02-14
C00584,Customer 00584,Consumer,Kandy,2025-02-19
C00585,Customer 00585,Corporate,Kurunegala,2024-06-22
C00586,Customer 00586,Small Business,Kandy,2023-03-21
C00587,Customer 00587,Small Business,Jaffna,2023-03-05
C00588,Customer 00588,Small Business,Galle,2024-08-09
C00589,Customer 00589,Corporate,Batticaloa,2023-06-18
C00590,Customer 00590,Small Business,Jaffna,2023-04-30
C00591,Customer 00591,Small Business,Batticaloa,2025-01-04
C00592,Customer 00592,Small Business,Batticaloa,2023-04-04
C00593,Customer 00593,Consumer,Batticaloa,2025-04-08
C00594,Customer 00594,Small Business,Anuradhapura,2023-05-16
C00595,Customer 00595,Small Business,Colombo,2024-04-12
C00596,Customer 00596,Corporate,Negombo,2024-07-26
C00597,Customer 00597,Consumer,Anuradhapura,2025-01-10
C00598,Customer 00598,Consumer,Jaffna,2023-09-18
C00599,Customer 00599,Consumer,Colombo,2024-08-15
C00600,Customer 00600,Corporate,Kandy,2024-03-09
C00601,Customer 00601,Consumer,Kandy,2024-07-08
C00602,Customer 00602,Corporate,Colombo,2025-08-14
C00603,Customer 00603,Corporate,Galle,2023-10-21
C00604,Customer 00604,Consumer,Anuradhapura,2025-02-26
C00605,Customer 00605,Corporate,Batticaloa,2024-01-19
C00606,Customer 00606,Corporate,Anuradhapura,2025-06-09
C00607,Customer 00607,Small Business,Galle,2023-03-24
C00608,Customer 00608,Corporate,Kandy,2024-10-31
C00609,Customer 00609,Small Business,Anuradhapura,2023-07-02
C00610,Customer 00610,Consumer,Jaffna,2024-06-25
C00611,Customer 00611,Consumer,Colombo,2025-05-04
C00612,Customer 00612,Corporate,Anuradhapura,2023-11-02
C00613,Customer 00613,Corporate,Jaffna,2024-06-28
C00614,Customer 00614,Corporate,Kurunegala,2023-09-11
C00615,Customer 00615,Corporate,Jaffna,2023-06-08
C00616,Customer 00616,Small Business,Kandy,2025-08-17
C00617,Customer 00617,Small Business,Anuradhapura,2023-02-02
C00618,Customer 00618,Consumer,Jaffna,2024-09-21
C00619,Customer 00619,Consumer,Kandy,2023-07-31
C00620,Customer 00620,Consumer,Batticaloa,2024-08-31
C00621,Customer 00621,Small Business,Colombo,2024-09-04
C00622,Customer 00622,Small Business,Colombo,2023-09-08
C00623,Customer 00623,Corporate,Jaffna,2024-02-16
C00624,Customer 00624,Consumer,Colombo,2024-07-06
C00625,Customer 00625,Small Business,Negombo,2023-05-24
C00626,Customer 00626,Small Business,Kurunegala,2023-08-28
C00627,Customer 00627,Small Business,Kurunegala,2024-08-14
C00628,Customer 00628,Corporate,Galle,2023-08-31
C00629,Customer 00629,Small Business,Jaffna,2024-11-07
C00630,Customer 00630,Corporate,Negombo,2024-02-28
C00631,Customer 00631,Small Business,Galle,2023-03-04
C00632,Customer 00632,Small Business,Anuradhapura,2024-10-03
C00633,Customer 00633,Corporate,Colombo,2024-07-23
C00634,Customer 00634,Corporate,Anuradhapura,2025-09-22
C00635,Customer 00635,Small Business,Kurunegala,2025-03-15
C00636,Customer 00636,Corporate,Anuradhapura,2024-12-14
C00637,Customer 00637,Corporate,Anuradhapura,2023-06-02
C00638,Customer 00638,Small Business,Batticaloa,2023-07-08
C00639,Customer 00639,Consumer,Negombo,2023-09-04
C00640,Customer 00640,Small Business,Galle,2025-05-28
C00641,Customer 00641,Corporate,Colombo,2025-04-05
C00642,Customer 00642,Corporate,Anuradhapura,2024-07-29
C00643,Customer 00643,Small Business,Galle,2024-07-24
C00644,Customer 00644,Consumer,Negombo,2024-02-02
C00645,Customer 00645,Corporate,Kandy,2023-07-28
C00646,Customer 00646,Corporate,Kurunegala,2025-08-02
C00647,Customer 00647,Small Business,Jaffna,2023-04-05
C00648,Customer 00648,Corporate,Anuradhapura,2023-02-22
C00649,Customer 00649,Small Business,Colombo,2024-11-20
C00650,Customer 00650,Consumer,Jaffna,2025-06-13
C00651,Customer 00651,Small Business,Jaffna,2025-04-03
C00652,Customer 00652,Consumer,Kurunegala,2024-05-05
C00653,Customer 00653,Consumer,Jaffna,2023-11-07
C00654,Customer 00654,Consumer,Kandy,2025-08-17
C00655,Customer 00655,Corporate,Jaffna,2025-02-03
C00656,Customer 00656,Small Business,Jaffna,2024-12-13
C00657,Customer 00657,Consumer,Kurunegala,2024-02-11
C00658,Customer 00658,Corporate,Anuradhapura,2025-03-05
C00659,Customer 00659,Small Business,Kurunegala,2024-04-22
C00660,Customer 00660,Corporate,Kurunegala,2023-11-12
C00661,Customer 00661,Corporate,Batticaloa,2024-06-09
C00662,Customer 00662,Small Business,Batticaloa,2023-04-11
C00663,Customer 00663,Corporate,Jaffna,2025-02-18
C00664,Customer 00664,Corporate,Anuradhapura,2024-01-15
C00665,Customer 00665,Small Business,Jaffna,2023-02-16
C00666,Customer 00666,Consumer,Colombo,2025-01-29
C00667,Customer 00667,Small Business,Anuradhapura,2023-09-25
C00668,Customer 00668,Consumer,Jaffna,2023-10-30
C00669,Customer 00669,Consumer,Anuradhapura,2023-12-04
C00670,Customer 00670,Consumer,Batticaloa,2024-08-06
C00671,Customer 00671,Small Business,Kurunegala,2024-07-17
C00672,Customer 00672,Corporate,Batticaloa,2023-09-21
C00673,Customer 00673,Consumer,Kurunegala,2024-04-16
C00674,Customer 00674,Consumer,Batticaloa,2023-06-23
C00675,Customer 00675,Small Business,Colombo,2023-07-08
C00676,Customer 00676,Consumer,Kandy,2024-06-20
C00677,Customer 00677,Small Business,Colombo,2025-08-25
C00678,Customer 00678,Consumer,Anuradhapura,2025-02-21
C00679,Customer 00679,Small Business,Jaffna,2023-05-21
C00680,Customer 00680,Small Business,Galle,2023-03-11
C00681,Customer 00681,Consumer,Batticaloa,2023-01-10
C00682,Customer 00682,Consumer,Batticaloa,2024-01-18
C00683,Customer 00683,Corporate,Colombo,2024-11-06
C00684,Customer 00684,Small Business,Anuradhapura,2023-01-07
C00685,Customer 00685,Consumer,Negombo,2023-01-13
C00686,Customer 00686,Corporate,Colombo,2024-07-02
C00687,Customer 00687,Small Business,Anuradhapura,2024-05-29
C00688,Customer 00688,Consumer,Kandy,2025-04-05
C00689,Customer 00689,Consumer,Galle,2025-07-29
C00690,Customer 00690,Consumer,Negombo,2023-09-04
C00691,Customer 00691,Corporate,Negombo,2025-04-14
C00692,Customer 00692,Corporate,Kandy,2025-03-25
C00693,Customer 00693,Corporate,Batticaloa,2024-01-18
C00694,Customer 00694,Consumer,Jaffna,2024-08-01
C00695,Customer 00695,Small Business,Kandy,2023-11-04
C00696,Customer 00696,Small Business,Colombo,2024-10-31
C00697,Customer 00697,Corporate,Anuradhapura,2023-04-06
C00698,Customer 00698,Small Business,Batticaloa,2024-01-22
C00699,Customer 00699,Small Business,Colombo,2023-02-27
C00700,Customer 00700,Consumer,Kandy,2024-12-20
C00701,Customer 00701,Corporate,Kurunegala,2024-05-26
C00702,Customer 00702,Consumer,Colombo,2024-08-02
C00703,Customer 00703,Consumer,Batticaloa,2023-08-24
C00704,Customer 00704,Consumer,Kandy,2023-10-05
C00705,Customer 00705,Corporate,Colombo,2024-12-01
C00706,Customer 00706,Corporate,Colombo,2023-07-03
C00707,Customer 00707,Consumer,Galle,2025-09-11
C00708,Customer 00708,Small Business,Anuradhapura,2025-02-09
C00709,Customer 00709,Consumer,Negombo,2025-08-09
C00710,Customer 00710,Small Business,Jaffna,2023-06-16
C00711,Customer 00711,Corporate,Kurunegala,2024-08-03
C00712,Customer 00712,Small Business,Galle,2024-01-29
C00713,Customer 00713,Small Business,Kandy,2025-03-20
C00714,Customer 00714,Small Business,Kurunegala,2024-05-27
C00715,Customer 00715,Consumer,Anuradhapura,2023-02-24
C00716,Customer 00716,Consumer,Kurunegala,2023-08-26
C00717,Customer 00717,Small Business,Anuradhapura,2024-09-11
C00718,Customer 00718,Corporate,Colombo,2025-09-19
C00719,Customer 00719,Corporate,Batticaloa,2024-10-11
C00720,Customer 00720,Consumer,Kurunegala,2024-05-17
C00721,Customer 00721,Corporate,Anuradhapura,2024-07-20
C00722,Customer 00722,Small Business,Anuradhapura,2023-07-10
C00723,Customer 00723,Small Business,Negombo,2023-03-29
C00724,Customer 00724,Consumer,Kandy,2025-03-28
C00725,Customer 00725,Corporate,Galle,2023-03-26
C00726,Customer 00726,Small Business,Galle,2024-01-25
C00727,Customer 00727,Corporate,Kurunegala,2025-01-27
C00728,Customer 00728,Consumer,Kandy,2024-01-05
C00729,Customer 00729,Corporate,Batticaloa,2023-01-06
C00730,Customer 00730,Corporate,Kandy,2024-01-04
C00731,Customer 00731,Consumer,Galle,2023-05-16
C00732,Customer 00732,Corporate,Anuradhapura,2024-03-17
C00733,Customer 00733,Consumer,Kandy,2023-04-16
C00734,Customer 00734,Small Business,Kandy,2023-12-29
C00735,Customer 00735,Small Business,Kurunegala,2024-09-03
C00736,Customer 00736,Corporate,Colombo,2025-06-03
C00737,Customer 00737,Corporate,Anuradhapura,2023-10-26
C00738,Customer 00738,Consumer,Jaffna,2025-03-08
C00739,Customer 00739,Small Business,Galle,2024-08-08
C00740,Customer 00740,Corporate,Galle,2024-12-02
C00741,Customer 00741,Corporate,Negombo,2023-05-23
C00742,Customer 00742,Corporate,Galle,2023-10-02
C00743,Customer 00743,Consumer,Anuradhapura,2023-03-06
C00744,Customer 00744,Corporate,Negombo,2023-10-10
C00745,Customer 00745,Consumer,Kurunegala,2024-05-10
C00746,Customer 00746,Consumer,Batticaloa,2023-09-15
C00747,Customer 00747,Small Business,Jaffna,2024-08-31
C00748,Customer 00748,Consumer,Galle,2024-04-13
C00749,Customer 00749,Consumer,Anuradhapura,2023-11-08
C00750,Customer 00750,Small Business,Anuradhapura,2023-12-07
C00751,Customer 00751,Corporate,Batticaloa,2025-04-03
C00752,Customer 00752,Corporate,Galle,2023-12-09
C00753,Customer 00753,Corporate,Jaffna,2023-11-04
C00754,Customer 00754,Corporate,Galle,2024-05-05
C00755,Customer 00755,Corporate,Kurunegala,2025-09-14
C00756,Customer 00756,Small Business,Batticaloa,2023-10-26
C00757,Customer 00757,Small Business,Jaffna,2025-09-17
C00758,Customer 00758,Corporate,Negombo,2023-11-30
C00759,Customer 00759,Corporate,Kurunegala,2025-04-16
C00760,Customer 00760,Small Business,Jaffna,2023-04-27
C00761,Customer 00761,Small Business,Galle,2024-08-29
C00762,Customer 00762,Small Business,Colombo,2024-11-29
C00763,Customer 00763,Small Business,Batticaloa,2025-09-02
C00764,Customer 00764,Small Business,Jaffna,2025-08-23
C00765,Customer 00765,Corporate,Kandy,2024-03-24
C00766,Customer 00766,Corporate,Batticaloa,2025-04-18
C00767,Customer 00767,Small Business,Negombo,2023-05-23
C00768,Customer 00768,Corporate,Galle,2023-09-05
C00769,Customer 00769,Corporate,Anuradhapura,2025-01-02
C00770,Customer 00770,Corporate,Batticaloa,2023-03-17
C00771,Customer 00771,Corporate,Anuradhapura,2024-08-19
C00772,Customer 00772,Consumer,Kurunegala,2024-07-10
C00773,Customer 00773,Small Business,Kandy,2024-12-19
C00774,Customer 00774,Consumer,Kurunegala,2023-04-22
C00775,Customer 00775,Small Business,Colombo,2023-06-20
C00776,Customer 00776,Small Business,Anuradhapura,2024-07-30
C00777,Customer 00777,Corporate,Anuradhapura,2025-09-17
C00778,Customer 00778,Consumer,Kandy,2023-04-19
C00779,Customer 00779,Consumer,Jaffna,2023-09-22
C00780,Customer 00780,Corporate,Anuradhapura,2024-04-01
C00781,Customer 00781,Small Business,Galle,2024-04-19
C00782,Customer 00782,Consumer,Batticaloa,2023-12-20
C00783,Customer 00783,Corporate,Anuradhapura,2023-04-18
C00784,Customer 00784,Consumer,Kandy,2025-07-31
C00785,Customer 00785,Small Business,Galle,2025-05-01
C00786,Customer 00786,Corporate,Kurunegala,2023-12-23
C00787,Customer 00787,Consumer,Batticaloa,2024-04-11
C00788,Customer 00788,Corporate,Kandy,2023-12-23
C00789,Customer 00789,Small Business,Batticaloa,2024-03-24
C00790,Customer 00790,Consumer,Negombo,2023-11-23
C00791,Customer 00791,Small Business,Kandy,2023-02-15
C00792,Customer 00792,Corporate,Kandy,2023-01-24
C00793,Customer 00793,Consumer,Jaffna,2024-11-24
C00794,Customer 00794,Consumer,Galle,2024-06-12
C00795,Customer 00795,Small Business,Anuradhapura,2023-12-05
C00796,Customer 00796,Corporate,Jaffna,2025-09-08
C00797,Customer 00797,Corporate,Galle,2025-03-27
C00798,Customer 00798,Small Business,Anuradhapura,2023-07-10
C00799,Customer 00799,Consumer,Jaffna,2024-02-10
C00800,Customer 00800,Small Business,Anuradhapura,2024-04-05
C00801,Customer 00801,Consumer,Jaffna,2024-02-03
C00802,Customer 00802,Corporate,Kandy,2023-07-30
C00803,Customer 00803,Consumer,Galle,2024-08-14
C00804,Customer 00804,Corporate,Jaffna,2024-01-10
C00805,Customer 00805,Consumer,Negombo,2024-04-13
C00806,Customer 00806,Corporate,Kurunegala,2024-11-17
C00807,Customer 00807,Corporate,Anuradhapura,2024-09-03
C00808,Customer 00808,Consumer,Kurunegala,2024-08-24
C00809,Customer 00809,Corporate,Galle,2023-12-27
C00810,Customer 00810,Small Business,Negombo,2025-04-13
C00811,Customer 00811,Small Business,Kandy,2025-07-29
C00812,Customer 00812,Consumer,Kurunegala,2024-11-19
C00813,Customer 00813,Consumer,Negombo,2023-05-01
C00814,Customer 00814,Consumer,Kurunegala,2023-04-30
C00815,Customer 00815,Consumer,Anuradhapura,2024-12-11
C00816,Customer 00816,Small Business,Galle,2024-03-04
C00817,Customer 00817,Corporate,Anuradhapura,2024-08-11
C00818,Customer 00818,Corporate,Galle,2023-07-10
C00819,Customer 00819,Consumer,Batticaloa,2024-07-22
C00820,Customer 00820,Consumer,Galle,2023-10-23
C00821,Customer 00821,Corporate,Colombo,2023-11-19
C00822,Customer 00822,Corporate,Colombo,2025-06-05
C00823,Customer 00823,Consumer,Jaffna,2024-05-11
C00824,Customer 00824,Corporate,Batticaloa,2025-04-14
C00825,Customer 00825,Small Business,Batticaloa,2024-02-23
C00826,Customer 00826,Small Business,Batticaloa,2024-03-01
C00827,Customer 00827,Consumer,Kandy,2024-05-15
C00828,Customer 00828,Consumer,Jaffna,2024-08-01
C00829,Customer 00829,Consumer,Negombo,2023-10-27
C00830,Customer 00830,Small Business,Negombo,2023-08-19
C00831,Customer 00831,Corporate,Batticaloa,2023-06-22
C00832,Customer 00832,Small Business,Kandy,2024-07-16
C00833,Customer 00833,Consumer,Negombo,2024-08-09
C00834,Customer 00834,Small Business,Kurunegala,2025-03-04
C00835,Customer 00835,Consumer,Batticaloa,2024-07-09
C00836,Customer 00836,Consumer,Anuradhapura,2024-07-13
C00837,Customer 00837,Small Business,Jaffna,2023-04-15
C00838,Customer 00838,Consumer,Batticaloa,2023-11-01
C00839,Customer 00839,Corporate,Kandy,2023-09-27
C00840,Customer 00840,Consumer,Jaffna,2024-03-25
C00841,Customer 00841,Small Business,Kurunegala,2023-08-03
C00842,Customer 00842,Small Business,Anuradhapura,2025-05-31
C00843,Customer 00843,Small Business,Galle,2023-06-19
C00844,Customer 00844,Consumer,Jaffna,2025-03-14
C00845,Customer 00845,Consumer,Kurunegala,2025-04-04
C00846,Customer 00846,Corporate,Galle,2024-06-29
C00847,Customer 00847,Small Business,Negombo,2023-11-28
C00848,Customer 00848,Small Business,Negombo,2023-10-24
C00849,Customer 00849,Small Business,Kandy,2025-09-02
C00850,Customer 00850,Corporate,Colombo,2023-05-19
C00851,Customer 00851,Small Business,Galle,2023-10-11
C00852,Customer 00852,Consumer,Jaffna,2024-12-19
C00853,Customer 00853,Small Business,Kurunegala,2023-05-30
C00854,Customer 00854,Consumer,Anuradhapura,2025-04-28
C00855,Customer 00855,Consumer,Negombo,2024-05-16
C00856,Customer 00856,Corporate,Anuradhapura,2024-10-04
C00857,Customer 00857,Consumer,Kandy,2024-04-07
C00858,Customer 00858,Small Business,Negombo,2024-02-17
C00859,Customer 00859,Corporate,Batticaloa,2024-12-12
C00860,Customer 00860,Corporate,Kurunegala,2025-08-31
C00861,Customer 00861,Consumer,Kandy,2024-08-18
C00862,Customer 00862,Corporate,Kurunegala,2025-01-18
C00863,Customer 00863,Consumer,Anuradhapura,2025-05-20
C00864,Customer 00864,Corporate,Jaffna,2023-08-12
C00865,Customer 00865,Corporate,Kurunegala,2024-05-21
C00866,Customer 00866,Corporate,Kurunegala,2025-04-28
C00867,Customer 00867,Small Business,Galle,2024-07-14
C00868,Customer 00868,Corporate,Kurunegala,2024-08-02
C00869,Customer 00869,Small Business,Colombo,2025-07-04
C00870,Customer 00870,Consumer,Batticaloa,2023-02-17
C00871,Customer 00871,Consumer,Galle,2023-01-17
C00872,Customer 00872,Corporate,Colombo,2024-03-27
C00873,Customer 00873,Corporate,Jaffna,2025-09-08
C00874,Customer 00874,Consumer,Negombo,2024-12-06
C00875,Customer 00875,Corporate,Kandy,2023-06-12
C00876,Customer 00876,Corporate,Negombo,2024-11-01
C00877,Customer 00877,Corporate,Galle,2023-03-26
C00878,Customer 00878,Corporate,Negombo,2023-02-23
C00879,Customer 00879,Small Business,Jaffna,2025-01-13
C00880,Customer 00880,Small Business,Kandy,2024-03-15
C00881,Customer 00881,Consumer,Colombo,2024-12-21
C00882,Customer 00882,Corporate,Kandy,2023-08-07
C00883,Customer 00883,Small Business,Jaffna,2023-05-16
C00884,Customer 00884,Small Business,Batticaloa,2024-06-15
C00885,Customer 00885,Consumer,Kurunegala,2023-01-10
C00886,Customer 00886,Consumer,Anuradhapura,2025-04-16
C00887,Customer 00887,Consumer,Batticaloa,2024-12-11
C00888,Customer 00888,Consumer,Anuradhapura,2023-03-14
C00889,Customer 00889,Small Business,Kandy,2023-04-02
C00890,Customer 00890,Corporate,Kurunegala,2023-04-16
C00891,Customer 00891,Corporate,Galle,2025-06-21
C00892,Customer 00892,Consumer,Galle,2024-01-27
C00893,Customer 00893,Small Business,Colombo,2023-03-12
C00894,Customer 00894,Small Business,Galle,2024-09-16
C00895,Customer 00895,Corporate,Jaffna,2024-03-26
C00896,Customer 00896,Small Business,Galle,2024-10-05
C00897,Customer 00897,Corporate,Batticaloa,2025-07-30
C00898,Customer 00898,Consumer,Kandy,2025-05-30
C00899,Customer 00899,Consumer,Galle,2025-07-07
C00900,Customer 00900,Consumer,Anuradhapura,2025-02-09
C00901,Customer 00901,Corporate,Kurunegala,2023-12-26
C00902,Customer 00902,Consumer,Jaffna,2025-03-21
C00903,Customer 00903,Small Business,Kandy,2023-10-11
C00904,Customer 00904,Small Business,Negombo,2023-09-12
C00905,Customer 00905,Small Business,Colombo,2025-03-08
C00906,Customer 00906,Small Business,Negombo,2025-05-18
C00907,Customer 00907,Small Business,Jaffna,2023-07-30
C00908,Customer 00908,Corporate,Negombo,2025-02-04
C00909,Customer 00909,Consumer,Jaffna,2024-10-23
C00910,Customer 00910,Corporate,Kandy,2024-05-21
C00911,Customer 00911,Corporate,Kandy,2023-09-04
C00912,Customer 00912,Consumer,Kurunegala,2024-06-24
C00913,Customer 00913,Corporate,Galle,2025-08-14
C00914,Customer 00914,Small Business,Anuradhapura,2024-02-01
C00915,Customer 00915,Small Business,Galle,2024-01-10
C00916,Customer 00916,Corporate,Kandy,2025-02-20
C00917,Customer 00917,Small Business,Kandy,2023-01-18
C00918,Customer 00918,Corporate,Jaffna,2023-01-15
C00919,Customer 00919,Consumer,Anuradhapura,2023-02-10
C00920,Customer 00920,Corporate,Anuradhapura,2024-06-02
C00921,Customer 00921,Small Business,Anuradhapura,2024-03-09
C00922,Customer 00922,Small Business,Galle,2023-03-26
C00923,Customer 00923,Consumer,Negombo,2023-10-12
C00924,Customer 00924,Small Business,Jaffna,2023-03-22
C00925,Customer 00925,Consumer,Kurunegala,2025-09-24
C00926,Customer 00926,Small Business,Kandy,2024-02-05
C00927,Customer 00927,Small Business,Anuradhapura,2023-11-14
C00928,Customer 00928,Consumer,Colombo,2025-01-17
C00929,Customer 00929,Consumer,Anuradhapura,2023-09-08
C00930,Customer 00930,Corporate,Colombo,2023-04-29
C00931,Customer 00931,Small Business,Galle,2023-11-13
C00932,Customer 00932,Consumer,Galle,2023-05-03
C00933,Customer 00933,Consumer,Galle,2024-12-19
C00934,Customer 00934,Corporate,Negombo,2024-05-23
C00935,Customer 00935,Corporate,Galle,2023-06-20
C00936,Customer 00936,Corporate,Kandy,2025-02-06
C00937,Customer 00937,Consumer,Kurunegala,2025-02-28
C00938,Customer 00938,Corporate,Negombo,2025-04-06
C00939,Customer 00939,Consumer,Negombo,2024-06-20
C00940,Customer 00940,Small Business,Kandy,2024-12-30
C00941,Customer 00941,Corporate,Kurunegala,2024-05-23
C00942,Customer 00942,Corporate,Galle,2023-02-26
C00943,Customer 00943,Consumer,Negombo,2024-01-12
C00944,Customer 00944,Consumer,Kandy,2025-03-02
C00945,Customer 00945,Small Business,Colombo,2023-08-22
C00946,Customer 00946,Consumer,Jaffna,2023-02-15
C00947,Customer 00947,Corporate,Kurunegala,2023-02-17
C00948,Customer 00948,Consumer,Galle,2024-01-28
C00949,Customer 00949,Consumer,Anuradhapura,2025-08-11
C00950,Customer 00950,Corporate,Jaffna,2023-08-18
C00951,Customer 00951,Small Business,Kurunegala,2024-03-02
C00952,Customer 00952,Consumer,Kurunegala,2023-10-05
C00953,Customer 00953,Small Business,Colombo,2023-05-03
C00954,Customer 00954,Consumer,Colombo,2023-07-03
C00955,Customer 00955,Corporate,Kandy,2025-09-03
C00956,Customer 00956,Corporate,Negombo,2025-06-17
C00957,Customer 00957,Corporate,Kurunegala,2025-03-03
C00958,Customer 00958,Small Business,Batticaloa,2023-03-30
C00959,Customer 00959,Corporate,Jaffna,2023-01-09
C00960,Customer 00960,Small Business,Negombo,2023-10-26
C00961,Customer 00961,Small Business,Jaffna,2025-01-27
C00962,Customer 00962,Corporate,Batticaloa,2024-04-20
C00963,Customer 00963,Consumer,Jaffna,2025-03-02
C00964,Customer 00964,Consumer,Anuradhapura,2023-06-04
C00965,Customer 00965,Consumer,Kurunegala,2023-01-25
C00966,Customer 00966,Small Business,Colombo,2024-10-13
C00967,Customer 00967,Corporate,Colombo,2025-08-31
C00968,Customer 00968,Small Business,Anuradhapura,2025-02-16
C00969,Customer 00969,Small Business,Negombo,2025-05-19
C00970,Customer 00970,Consumer,Jaffna,2023-04-17
C00971,Customer 00971,Corporate,Colombo,2024-03-05
C00972,Customer 00972,Consumer,Negombo,2025-09-22
C00973,Customer 00973,Consumer,Jaffna,2023-04-06
C00974,Customer 00974,Small Business,Anuradhapura,2025-07-07
C00975,Customer 00975,Corporate,Batticaloa,2024-12-18
C00976,Customer 00976,Small Business,Kandy,2025-09-24
C00977,Customer 00977,Consumer,Galle,2024-08-17
C00978,Customer 00978,Corporate,Kandy,2024-10-14
C00979,Customer 00979,Small Business,Colombo,2024-08-29
C00980,Customer 00980,Small Business,Galle,2024-03-21
C00981,Customer 00981,Corporate,Negombo,2023-08-31
C00982,Customer 00982,Corporate,Anuradhapura,2025-05-21
C00983,Customer 00983,Small Business,Kurunegala,2024-12-18
C00984,Customer 00984,Corporate,Negombo,2023-11-22
C00985,Customer 00985,Consumer,Jaffna,2023-08-28
C00986,Customer 00986,Small Business,Kandy,2023-05-20
C00987,Customer 00987,Consumer,Galle,2023-06-09
C00988,Customer 00988,Corporate,Kurunegala,2024-04-05
C00989,Customer 00989,Consumer,Kurunegala,2024-02-21
C00990,Customer 00990,Consumer,Batticaloa,2025-09-14
C00991,Customer 00991,Corporate,Negombo,2023-11-12
C00992,Customer 00992,Consumer,Kandy,2025-05-22
C00993,Customer 00993,Small Business,Negombo,2023-06-11
C00994,Customer 00994,Small Business,Colombo,2025-04-26
C00995,Customer 00995,Corporate,Galle,2023-08-09
C00996,Customer 00996,Small Business,Jaffna,2023-04-04
C00997,Customer 00997,Corporate,Anuradhapura,2025-09-18
C00998,Customer 00998,Consumer,Negombo,2024-06-09
C00999,Customer 00999,Consumer,Colombo,2023-09-24
C01000,Customer 01000,Corporate,Batticaloa,2025-09-01
C01001,Customer 01001,Small Business,Jaffna,2024-07-23
C01002,Customer 01002,Corporate,Kandy,2023-04-07
C01003,Customer 01003,Consumer,Kandy,2025-04-03
C01004,Customer 01004,Consumer,Jaffna,2023-01-13
C01005,Customer 01005,Consumer,Anuradhapura,2023-05-14
C01006,Customer 01006,Small Business,Kandy,2024-01-17
C01007,Customer 01007,Small Business,Negombo,2024-08-19
C01008,Customer 01008,Consumer,Colombo,2025-07-28
C01009,Customer 01009,Consumer,Batticaloa,2023-03-08
C01010,Customer 01010,Consumer,Kandy,2025-04-08
C01011,Customer 01011,Corporate,Kandy,2025-07-15
C01012,Customer 01012,Corporate,Colombo,2023-02-13
C01013,Customer 01013,Small Business,Anuradhapura,2023-06-22
C01014,Customer 01014,Small Business,Anuradhapura,2025-04-21
C01015,Customer 01015,Consumer,Anuradhapura,2024-05-23
C01016,Customer 01016,Corporate,Galle,2024-11-30
C01017,Customer 01017,Consumer,Galle,2023-12-29
C01018,Customer 01018,Corporate,Batticaloa,2023-10-09
C01019,Customer 01019,Consumer,Colombo,2025-06-23
C01020,Customer 01020,Small Business,Jaffna,2024-09-20
C01021,Customer 01021,Corporate,Batticaloa,2024-10-24
C01022,Customer 01022,Small Business,Batticaloa,2024-02-26
C01023,Customer 01023,Consumer,Negombo,2023-03-04
C01024,Customer 01024,Consumer,Anuradhapura,2024-01-28
C01025,Customer 01025,Small Business,Jaffna,2023-07-24
C01026,Customer 01026,Small Business,Colombo,2024-10-07
C01027,Customer 01027,Small Business,Kurunegala,2024-01-27
C01028,Customer 01028,Small Business,Batticaloa,2024-05-06
C01029,Customer 01029,Small Business,Kurunegala,2023-12-19
C01030,Customer 01030,Corporate,Galle,2024-02-02
C01031,Customer 01031,Corporate,Jaffna,2023-01-27
C01032,Customer 01032,Corporate,Colombo,2023-01-31
C01033,Customer 01033,Corporate,Kurunegala,2025-04-08
C01034,Customer 01034,Small Business,Jaffna,2025-02-24
C01035,Customer 01035,Consumer,Kandy,2025-09-24
C01036,Customer 01036,Small Business,Jaffna,2023-09-11
C01037,Customer 01037,Small Business,Colombo,2023-09-30
C01038,Customer 01038,Consumer,Anuradhapura,2025-02-21
C01039,Customer 01039,Consumer,Galle,2023-12-30
C01040,Customer 01040,Small Business,Kurunegala,2023-08-31
C01041,Customer 01041,Small Business,Kurunegala,2025-04-05
C01042,Customer 01042,Small Business,Colombo,2025-07-24
C01043,Customer 01043,Small Business,Kurunegala,2024-12-21
C01044,Customer 01044,Small Business,Galle,2025-08-28
C01045,Customer 01045,Consumer,Batticaloa,2024-07-30
C01046,Customer 01046,Corporate,Galle,2024-07-09
C01047,Customer 01047,Consumer,Kandy,2024-05-17
C01048,Customer 01048,Consumer,Jaffna,2023-02-27
C01049,Customer 01049,Small Business,Batticaloa,2023-01-21
C01050,Customer 01050,Corporate,Jaffna,2023-01-01
C01051,Customer 01051,Consumer,Kurunegala,2025-04-05
C01052,Customer 01052,Consumer,Kurunegala,2025-01-04
C01053,Customer 01053,Consumer,Galle,2023-03-02
C01054,Customer 01054,Small Business,Galle,2024-08-23
C01055,Customer 01055,Consumer,Kurunegala,2025-03-03
C01056,Customer 01056,Consumer,Kurunegala,2025-09-10
C01057,Customer 01057,Small Business,Anuradhapura,2024-12-22
C01058,Customer 01058,Consumer,Kurunegala,2024-08-23
C01059,Customer 01059,Corporate,Galle,2023-11-06
C01060,Customer 01060,Consumer,Anuradhapura,2025-09-26
C01061,Customer 01061,Small Business,Batticaloa,2025-03-21
C01062,Customer 01062,Corporate,Galle,2024-10-26
C01063,Customer 01063,Small Business,Kurunegala,2024-12-25
C01064,Customer 01064,Small Business,Galle,2023-08-17
C01065,Customer 01065,Corporate,Negombo,2024-01-23
C01066,Customer 01066,Consumer,Colombo,2023-05-11
C01067,Customer 01067,Small Business,Anuradhapura,2025-08-29
C01068,Customer 01068,Small Business,Colombo,2025-05-21
C01069,Customer 01069,Small Business,Kurunegala,2023-07-06
C01070,Customer 01070,Small Business,Jaffna,2025-08-01
C01071,Customer 01071,Small Business,Kandy,2024-10-16
C01072,Customer 01072,Corporate,Galle,2025-08-17
C01073,Customer 01073,Small Business,Kandy,2023-12-06
C01074,Customer 01074,Corporate,Kurunegala,2023-09-01
C01075,Customer 01075,Small Business,Kandy,2023-06-21
C01076,Customer 01076,Small Business,Kurunegala,2025-04-21
C01077,Customer 01077,Consumer,Negombo,2024-04-02
C01078,Customer 01078,Consumer,Kandy,2023-08-03
C01079,Customer 01079,Corporate,Kandy,2023-12-25
C01080,Customer 01080,Consumer,Colombo,2025-01-07
C01081,Customer 01081,Corporate,Anuradhapura,2024-01-31
C01082,Customer 01082,Consumer,Anuradhapura,2025-09-19
C01083,Customer 01083,Corporate,Kurunegala,2024-05-19
C01084,Customer 01084,Corporate,Kandy,2024-07-13
C01085,Customer 01085,Corporate,Jaffna,2025-04-28
C01086,Customer 01086,Corporate,Kandy,2023-06-16
C01087,Customer 01087,Consumer,Negombo,2025-03-29
C01088,Customer 01088,Corporate,Negombo,2023-01-21
C01089,Customer 01089,Consumer,Kandy,2025-09-01
C01090,Customer 01090,Consumer,Anuradhapura,2023-12-17
C01091,Customer 01091,Small Business,Kandy,2023-06-14
C01092,Customer 01092,Consumer,Kurunegala,2024-07-14
C01093,Customer 01093,Small Business,Batticaloa,2024-08-31
C01094,Customer 01094,Consumer,Anuradhapura,2024-12-22
C01095,Customer 01095,Small Business,Galle,2025-08-23
C01096,Customer 01096,Corporate,Galle,2024-09-13
C01097,Customer 01097,Consumer,Kurunegala,2023-02-24
C01098,Customer 01098,Consumer,Anuradhapura,2023-07-30
C01099,Customer 01099,Small Business,Negombo,2024-12-14
C01100,Customer 01100,Corporate,Negombo,2024-11-07
C01101,Customer 01101,Consumer,Colombo,2023-09-01
C01102,Customer 01102,Small Business,Batticaloa,2024-02-07
C01103,Customer 01103,Consumer,Kurunegala,2023-06-07
C01104,Customer 01104,Corporate,Kandy,2023-01-04
C01105,Customer 01105,Small Business,Batticaloa,2023-10-29
C01106,Customer 01106,Consumer,Colombo,2023-07-24
C01107,Customer 01107,Consumer,Negombo,2023-07-31
C01108,Customer 01108,Consumer,Batticaloa,2025-09-27
C01109,Customer 01109,Consumer,Negombo,2025-05-14
C01110,Customer 01110,Corporate,Batticaloa,2025-03-14
C01111,Customer 01111,Small Business,Negombo,2024-05-15
C01112,Customer 01112,Small Business,Anuradhapura,2023-04-04
C01113,Customer 01113,Corporate,Anuradhapura,2023-07-09
C01114,Customer 01114,Consumer,Batticaloa,2024-01-14
C01115,Customer 01115,Corporate,Batticaloa,2023-02-15
C01116,Customer 01116,Corporate,Jaffna,2024-04-21
C01117,Customer 01117,Corporate,Colombo,2025-05-07
C01118,Customer 01118,Small Business,Kandy,2023-06-04
C01119,Customer 01119,Small Business,Kurunegala,2023-03-29
C01120,Customer 01120,Small Business,Anuradhapura,2025-04-07
C01121,Customer 01121,Small Business,Jaffna,2025-09-21
C01122,Customer 01122,Consumer,Anuradhapura,2024-07-20
C01123,Customer 01123,Small Business,Anuradhapura,2025-04-18
C01124,Customer 01124,Small Business,Batticaloa,2025-09-15
C01125,Customer 01125,Consumer,Batticaloa,2024-08-09
C01126,Customer 01126,Consumer,Anuradhapura,2023-11-03
C01127,Customer 01127,Small Business,Colombo,2025-07-13
C01128,Customer 01128,Small Business,Galle,2024-05-29
C01129,Customer 01129,Corporate,Galle,2023-05-04
C01130,Customer 01130,Consumer,Jaffna,2025-08-29
C01131,Customer 01131,Consumer,Galle,2025-04-07
C01132,Customer 01132,Corporate,Kandy,2023-02-13
C01133,Customer 01133,Corporate,Jaffna,2024-11-30
C01134,Customer 01134,Small Business,Galle,2025-04-22
C01135,Customer 01135,Small Business,Negombo,2025-05-04
C01136,Customer 01136,Small Business,Kandy,2023-11-24
C01137,Customer 01137,Corporate,Anuradhapura,2023-03-31
C01138,Customer 01138,Corporate,Negombo,2024-07-19
C01139,Customer 01139,Corporate,Colombo,2024-06-16
C01140,Customer 01140,Small Business,Anuradhapura,2025-03-16
C01141,Customer 01141,Corporate,Galle,2023-04-26
C01142,Customer 01142,Small Business,Kandy,2023-06-01
C01143,Customer 01143,Consumer,Kandy,2025-08-05
C01144,Customer 01144,Corporate,Kurunegala,2025-03-15
C01145,Customer 01145,Corporate,Negombo,2025-06-17
C01146,Customer 01146,Small Business,Batticaloa,2024-01-28
C01147,Customer 01147,Small Business,Batticaloa,2024-08-08
C01148,Customer 01148,Consumer,Negombo,2023-02-08
C01149,Customer 01149,Consumer,Anuradhapura,2024-02-17
C01150,Customer 01150,Corporate,Kurunegala,2023-02-09
C01151,Customer 01151,Consumer,Colombo,2024-12-08
C01152,Customer 01152,Corporate,Negombo,2025-02-02
C01153,Customer 01153,Corporate,Colombo,2025-07-07
C01154,Customer 01154,Corporate,Negombo,2023-12-12
C01155,Customer 01155,Corporate,Kandy,2023-10-15
C01156,Customer 01156,Consumer,Galle,2025-09-22
C01157,Customer 01157,Small Business,Batticaloa,2023-11-04
C01158,Customer 01158,Corporate,Negombo,2025-03-03
C01159,Customer 01159,Corporate,Kandy,2025-01-16
C01160,Customer 01160,Corporate,Jaffna,2023-07-12
C01161,Customer 01161,Corporate,Batticaloa,2025-07-24
C01162,Customer 01162,Small Business,Kurunegala,2025-02-16
C01163,Customer 01163,Consumer,Galle,2025-04-20
C01164,Customer 01164,Corporate,Anuradhapura,2023-03-09
C01165,Customer 01165,Small Business,Colombo,2023-05-19
C01166,Customer 01166,Consumer,Jaffna,2023-06-27
C01167,Customer 01167,Consumer,Jaffna,2025-05-07
C01168,Customer 01168,Corporate,Colombo,2023-02-03
C01169,Customer 01169,Corporate,Jaffna,2025-07-29
C01170,Customer 01170,Corporate,Batticaloa,2023-10-08
C01171,Customer 01171,Corporate,Kandy,2024-06-01
C01172,Customer 01172,Consumer,Jaffna,2024-11-28
C01173,Customer 01173,Corporate,Batticaloa,2024-01-17
C01174,Customer 01174,Corporate,Kurunegala,2023-07-01
C01175,Customer 01175,Consumer,Negombo,2023-12-19
C01176,Customer 01176,Small Business,Kandy,2025-02-05
C01177,Customer 01177,Consumer,Anuradhapura,2023-10-19
C01178,Customer 01178,Consumer,Jaffna,2023-02-20
C01179,Customer 01179,Consumer,Jaffna,2025-05-27
C01180,Customer 01180,Consumer,Negombo,2024-11-24
C01181,Customer 01181,Corporate,Colombo,2024-10-29
C01182,Customer 01182,Small Business,Colombo,2025-06-04
C01183,Customer 01183,Consumer,Galle,2024-04-30
C01184,Customer 01184,Consumer,Jaffna,2024-09-07
C01185,Customer 01185,Small Business,Negombo,2023-09-16
C01186,Customer 01186,Small Business,Negombo,2024-12-30
C01187,Customer 01187,Corporate,Kurunegala,2024-03-09
C01188,Customer 01188,Corporate,Jaffna,2024-04-15
C01189,Customer 01189,Corporate,Anuradhapura,2024-04-22
C01190,Customer 01190,Consumer,Colombo,2024-08-21
C01191,Customer 01191,Small Business,Kurunegala,2024-06-07
C01192,Customer 01192,Small Business,Negombo,2024-07-28
C01193,Customer 01193,Small Business,Kandy,2023-11-02
C01194,Customer 01194,Consumer,Kurunegala,2024-05-08
C01195,Customer 01195,Small Business,Kurunegala,2023-10-11
C01196,Customer 01196,Corporate,Negombo,2025-06-01
C01197,Customer 01197,Small Business,Negombo,2024-11-02
C01198,Customer 01198,Consumer,Jaffna,2023-07-12
C01199,Customer 01199,Consumer,Anuradhapura,2025-07-10
C01200,Customer 01200,Corporate,Galle,2024-11-07
C01201,Customer 01201,Consumer,Batticaloa,2025-01-08
C01202,Customer 01202,Corporate,Anuradhapura,2023-10-30
C01203,Customer 01203,Corporate,Colombo,2024-02-19
C01204,Customer 01204,Small Business,Jaffna,2024-08-20
C01205,Customer 01205,Small Business,Jaffna,2023-12-18
C01206,Customer 01206,Small Business,Batticaloa,2024-12-03
C01207,Customer 01207,Small Business,Kurunegala,2025-07-17
C01208,Customer 01208,Corporate,Galle,2024-06-03
C01209,Customer 01209,Small Business,Galle,2025-05-10
C01210,Customer 01210,Consumer,Batticaloa,2023-10-28
C01211,Customer 01211,Small Business,Negombo,2023-05-12
C01212,Customer 01212,Small Business,Galle,2025-01-12
C01213,Customer 01213,Small Business,Kurunegala,2025-08-27
C01214,Customer 01214,Consumer,Jaffna,2024-11-01
C01215,Customer 01215,Consumer,Negombo,2023-12-30
C01216,Customer 01216,Corporate,Kurunegala,2024-03-06
C01217,Customer 01217,Small Business,Negombo,2023-09-24
C01218,Customer 01218,Consumer,Batticaloa,2024-04-19
C01219,Customer 01219,Small Business,Kandy,2023-02-24
C01220,Customer 01220,Consumer,Kandy,2024-04-28
C01221,Customer 01221,Small Business,Anuradhapura,2025-06-07
C01222,Customer 01222,Corporate,Anuradhapura,2024-06-26
C01223,Customer 01223,Consumer,Galle,2023-02-25
C01224,Customer 01224,Corporate,Anuradhapura,2023-07-25
C01225,Customer 01225,Corporate,Galle,2024-08-06
C01226,Customer 01226,Small Business,Galle,2023-11-20
C01227,Customer 01227,Consumer,Batticaloa,2025-03-08
C01228,Customer 01228,Small Business,Galle,2023-12-07
C01229,Customer 01229,Small Business,Colombo,2023-11-17
C01230,Customer 01230,Corporate,Negombo,2023-01-05
C01231,Customer 01231,Consumer,Galle,2023-08-03
C01232,Customer 01232,Consumer,Galle,2024-05-16
C01233,Customer 01233,Corporate,Anuradhapura,2024-09-21
C01234,Customer 01234,Corporate,Batticaloa,2024-02-18
C01235,Customer 01235,Consumer,Colombo,2024-01-28
C01236,Customer 01236,Consumer,Kurunegala,2024-06-30
C01237,Customer 01237,Consumer,Kurunegala,2025-08-30
C01238,Customer 01238,Small Business,Jaffna,2025-02-14
C01239,Customer 01239,Small Business,Colombo,2023-01-19
C01240,Customer 01240,Small Business,Jaffna,2024-10-03
C01241,Customer 01241,Small Business,Kurunegala,2023-08-20
C01242,Customer 01242,Consumer,Kandy,2023-11-16
C01243,Customer 01243,Small Business,Negombo,2024-01-28
C01244,Customer 01244,Consumer,Colombo,2023-06-21
C01245,Customer 01245,Corporate,Batticaloa,2023-11-02
C01246,Customer 01246,Small Business,Kurunegala,2025-01-15
C01247,Customer 01247,Small Business,Galle,2024-03-20
C01248,Customer 01248,Corporate,Kurunegala,2023-12-17
C01249,Customer 01249,Consumer,Galle,2025-02-07
C01250,Customer 01250,Corporate,Colombo,2025-08-28
C01251,Customer 01251,Consumer,Galle,2023-08-22
C01252,Customer 01252,Small Business,Colombo,2023-08-05
C01253,Customer 01253,Small Business,Galle,2024-08-26
C01254,Customer 01254,Corporate,Colombo,2023-05-07
C01255,Customer 01255,Small Business,Negombo,2024-01-20
C01256,Customer 01256,Small Business,Colombo,2025-02-28
C01257,Customer 01257,Consumer,Kandy,2024-08-31
C01258,Customer 01258,Consumer,Colombo,2024-10-31
C01259,Customer 01259,Consumer,Anuradhapura,2024-12-07
C01260,Customer 01260,Corporate,Kandy,2024-03-30
C01261,Customer 01261,Corporate,Batticaloa,2024-07-14
C01262,Customer 01262,Consumer,Jaffna,2024-12-19
C01263,Customer 01263,Small Business,Colombo,2024-12-12
C01264,Customer 01264,Corporate,Kandy,2023-11-05
C01265,Customer 01265,Small Business,Negombo,2024-11-09
C01266,Customer 01266,Small Business,Galle,2024-09-29
C01267,Customer 01267,Consumer,Kandy,2024-03-04
C01268,Customer 01268,Consumer,Kandy,2023-10-17
C01269,Customer 01269,Consumer,Jaffna,2024-05-24
C01270,Customer 01270,Corporate,Jaffna,2025-03-07
C01271,Customer 01271,Small Business,Anuradhapura,2024-01-02
C01272,Customer 01272,Consumer,Colombo,2023-10-30
C01273,Customer 01273,Corporate,Jaffna,2024-07-15
C01274,Customer 01274,Corporate,Kurunegala,2024-12-05
C01275,Customer 01275,Consumer,Colombo,2023-08-29
C01276,Customer 01276,Consumer,Kandy,2024-11-18
C01277,Customer 01277,Small Business,Batticaloa,2025-05-05
C01278,Customer 01278,Consumer,Kandy,2023-06-02
C01279,Customer 01279,Small Business,Kandy,2025-01-10
C01280,Customer 01280,Corporate,Jaffna,2025-07-15
C01281,Customer 01281,Corporate,Negombo,2024-04-12
C01282,Customer 01282,Consumer,Kandy,2024-04-20
C01283,Customer 01283,Consumer,Colombo,2025-04-12
C01284,Customer 01284,Corporate,Kurunegala,2025-05-22
C01285,Customer 01285,Small Business,Kurunegala,2025-03-31
C01286,Customer 01286,Small Business,Kandy,2024-03-12
C01287,Customer 01287,Consumer,Colombo,2023-04-08
C01288,Customer 01288,Consumer,Galle,2025-05-22
C01289,Customer 01289,Corporate,Batticaloa,2023-12-03
C01290,Customer 01290,Small Business,Negombo,2025-09-05
C01291,Customer 01291,Small Business,Kandy,2025-06-18
C01292,Customer 01292,Corporate,Galle,2024-01-17
C01293,Customer 01293,Corporate,Anuradhapura,2023-04-27
C01294,Customer 01294,Corporate,Negombo,2025-09-12
C01295,Customer 01295,Corporate,Batticaloa,2025-05-05
C01296,Customer 01296,Corporate,Galle,2025-03-30
C01297,Customer 01297,Consumer,Colombo,2023-04-26
C01298,Customer 01298,Consumer,Kandy,2025-08-23
C01299,Customer 01299,Small Business,Batticaloa,2024-03-02
C01300,Customer 01300,Small Business,Batticaloa,2025-04-01
C01301,Customer 01301,Small Business,Anuradhapura,2023-07-05
C01302,Customer 01302,Corporate,Colombo,2025-03-08
C01303,Customer 01303,Small Business,Galle,2025-06-02
C01304,Customer 01304,Corporate,Kandy,2024-05-09
C01305,Customer 01305,Corporate,Batticaloa,2025-06-27
C01306,Customer 01306,Consumer,Negombo,2023-02-17
C01307,Customer 01307,Corporate,Colombo,2024-11-01
C01308,Customer 01308,Small Business,Jaffna,2024-12-22
C01309,Customer 01309,Small Business,Kurunegala,2025-09-05
C01310,Customer 01310,Small Business,Kandy,2024-06-15
C01311,Customer 01311,Small Business,Jaffna,2024-03-19
C01312,Customer 01312,Corporate,Anuradhapura,2024-05-08
C01313,Customer 01313,Small Business,Colombo,2023-06-02
C01314,Customer 01314,Small Business,Galle,2023-01-12
C01315,Customer 01315,Corporate,Batticaloa,2024-06-01
C01316,Customer 01316,Consumer,Kandy,2025-06-09
C01317,Customer 01317,Corporate,Kurunegala,2025-02-08
C01318,Customer 01318,Corporate,Negombo,2023-09-04
C01319,Customer 01319,Small Business,Jaffna,2023-02-21
C01320,Customer 01320,Small Business,Anuradhapura,2024-07-17
C01321,Customer 01321,Consumer,Kandy,2024-02-17
C01322,Customer 01322,Corporate,Batticaloa,2024-04-15
C01323,Customer 01323,Corporate,Batticaloa,2023-04-01
C01324,Customer 01324,Consumer,Batticaloa,2023-11-20
C01325,Customer 01325,Small Business,Colombo,2025-02-02
C01326,Customer 01326,Corporate,Anuradhapura,2023-04-16
C01327,Customer 01327,Small Business,Colombo,2023-02-06
C01328,Customer 01328,Consumer,Negombo,2025-04-25
C01329,Customer 01329,Small Business,Jaffna,2025-06-30
C01330,Customer 01330,Small Business,Batticaloa,2024-11-01
C01331,Customer 01331,Corporate,Kurunegala,2025-08-31
C01332,Customer 01332,Consumer,Jaffna,2025-04-25
C01333,Customer 01333,Corporate,Kurunegala,2025-05-14
C01334,Customer 01334,Small Business,Batticaloa,2024-07-27
C01335,Customer 01335,Small Business,Kurunegala,2025-01-03
C01336,Customer 01336,Corporate,Kandy,2025-01-03
C01337,Customer 01337,Small Business,Jaffna,2023-04-10
C01338,Customer 01338,Corporate,Kurunegala,2023-01-03
C01339,Customer 01339,Small Business,Negombo,2025-04-29
C01340,Customer 01340,Small Business,Kurunegala,2024-07-14
C01341,Customer 01341,Consumer,Colombo,2024-12-19
C01342,Customer 01342,Consumer,Batticaloa,2025-07-07
C01343,Customer 01343,Small Business,Anuradhapura,2023-05-24
C01344,Customer 01344,Corporate,Jaffna,2023-04-20
C01345,Customer 01345,Consumer,Anuradhapura,2023-07-12
C01346,Customer 01346,Corporate,Jaffna,2023-08-09
C01347,Customer 01347,Corporate,Kandy,2025-01-03
C01348,Customer 01348,Corporate,Colombo,2025-02-14
C01349,Customer 01349,Small Business,Kandy,2025-08-06
C01350,Customer 01350,Corporate,Batticaloa,2025-03-01
C01351,Customer 01351,Small Business,Galle,2024-11-05
C01352,Customer 01352,Corporate,Colombo,2025-09-13
C01353,Customer 01353,Small Business,Colombo,2024-06-27
C01354,Customer 01354,Corporate,Batticaloa,2024-07-20
C01355,Customer 01355,Small Business,Galle,2025-08-04
C01356,Customer 01356,Small Business,Galle,2024-12-09
C01357,Customer 01357,Consumer,Kandy,2025-01-18
C01358,Customer 01358,Small Business,Kurunegala,2024-02-01
C01359,Customer 01359,Corporate,Anuradhapura,2024-05-31
C01360,Customer 01360,Small Business,Jaffna,2024-09-15
C01361,Customer 01361,Corporate,Kurunegala,2023-10-08
C01362,Customer 01362,Corporate,Batticaloa,2025-09-20
C01363,Customer 01363,Consumer,Galle,2025-04-04
C01364,Customer 01364,Small Business,Negombo,2024-02-27
C01365,Customer 01365,Small Business,Kurunegala,2025-05-13
C01366,Customer 01366,Small Business,Jaffna,2024-12-29
C01367,Customer 01367,Consumer,Negombo,2023-07-25
C01368,Customer 01368,Corporate,Galle,2024-12-04
C01369,Customer 01369,Small Business,Galle,2024-12-28
C01370,Customer 01370,Small Business,Kurunegala,2024-05-30
C01371,Customer 01371,Consumer,Kurunegala,2024-12-28
C01372,Customer 01372,Corporate,Anuradhapura,2024-07-29
C01373,Customer 01373,Small Business,Negombo,2024-11-21
C01374,Customer 01374,Corporate,Colombo,2025-06-17
C01375,Customer 01375,Consumer,Colombo,2024-06-19
C01376,Customer 01376,Consumer,Colombo,2024-01-26
C01377,Customer 01377,Consumer,Jaffna,2024-11-17
C01378,Customer 01378,Consumer,Negombo,2023-10-01
C01379,Customer 01379,Corporate,Galle,2024-11-30
C01380,Customer 01380,Consumer,Negombo,2025-05-09
C01381,Customer 01381,Small Business,Colombo,2023-07-28
C01382,Customer 01382,Corporate,Kandy,2024-01-03
C01383,Customer 01383,Small Business,Jaffna,2024-09-22
C01384,Customer 01384,Small Business,Anuradhapura,2025-01-30
C01385,Customer 01385,Small Business,Negombo,2023-09-01
C01386,Customer 01386,Small Business,Colombo,2024-12-10
C01387,Customer 01387,Corporate,Anuradhapura,2025-08-06
C01388,Customer 01388,Small Business,Kurunegala,2024-03-02
C01389,Customer 01389,Small Business,Colombo,2025-09-16
C01390,Customer 01390,Small Business,Negombo,2023-01-14
C01391,Customer 01391,Small Business,Batticaloa,2023-07-27
C01392,Customer 01392,Consumer,Kurunegala,2025-04-29
C01393,Customer 01393,Small Business,Jaffna,2025-02-12
C01394,Customer 01394,Small Business,Jaffna,2025-03-05
C01395,Customer 01395,Corporate,Galle,2023-10-29
C01396,Customer 01396,Consumer,Galle,2024-11-30
C01397,Customer 01397,Consumer,Kandy,2025-09-12
C01398,Customer 01398,Consumer,Anuradhapura,2024-01-22
C01399,Customer 01399,Small Business,Negombo,2023-10-13
C01400,Customer 01400,Consumer,Negombo,2023-05-14
C01401,Customer 01401,Corporate,Batticaloa,2023-01-06
C01402,Customer 01402,Consumer,Colombo,2024-12-27
C01403,Customer 01403,Corporate,Colombo,2023-06-07
C01404,Customer 01404,Small Business,Negombo,2025-03-03
C01405,Customer 01405,Small Business,Kurunegala,2024-05-17
C01406,Customer 01406,Small Business,Kurunegala,2023-03-16
C01407,Customer 01407,Consumer,Galle,2024-06-22
C01408,Customer 01408,Consumer,Galle,2024-06-17
C01409,Customer 01409,Small Business,Anuradhapura,2024-03-01
C01410,Customer 01410,Corporate,Jaffna,2023-04-05
C01411,Customer 01411,Consumer,Kurunegala,2025-06-23
C01412,Customer 01412,Corporate,Negombo,2023-12-06
C01413,Customer 01413,Small Business,Batticaloa,2023-08-12
C01414,Customer 01414,Small Business,Colombo,2024-07-28
C01415,Customer 01415,Small Business,Kurunegala,2023-04-28
C01416,Customer 01416,Consumer,Jaffna,2024-04-01
C01417,Customer 01417,Consumer,Kurunegala,2025-09-08
C01418,Customer 01418,Consumer,Anuradhapura,2024-01-26
C01419,Customer 01419,Small Business,Negombo,2023-09-20
C01420,Customer 01420,Small Business,Kurunegala,2023-01-26
C01421,Customer 01421,Small Business,Batticaloa,2024-06-10
C01422,Customer 01422,Consumer,Negombo,2024-05-13
C01423,Customer 01423,Small Business,Jaffna,2025-07-08
C01424,Customer 01424,Small Business,Kandy,2023-11-25
C01425,Customer 01425,Consumer,Galle,2025-08-28
C01426,Customer 01426,Small Business,Colombo,2025-09-21
C01427,Customer 01427,Consumer,Jaffna,2024-10-03
C01428,Customer 01428,Small Business,Jaffna,2024-11-17
C01429,Customer 01429,Small Business,Anuradhapura,2025-06-04
C01430,Customer 01430,Consumer,Jaffna,2025-05-05
C01431,Customer 01431,Small Business,Anuradhapura,2024-07-04
C01432,Customer 01432,Consumer,Galle,2024-10-24
C01433,Customer 01433,Corporate,Kurunegala,2023-01-25
C01434,Customer 01434,Consumer,Kandy,2023-02-08
C01435,Customer 01435,Consumer,Negombo,2023-02-25
C01436,Customer 01436,Consumer,Jaffna,2024-07-25
C01437,Customer 01437,Corporate,Anuradhapura,2025-07-21
C01438,Customer 01438,Corporate,Anuradhapura,2024-02-02
C01439,Customer 01439,Corporate,Colombo,2024-03-19
C01440,Customer 01440,Small Business,Kandy,2024-02-03
C01441,Customer 01441,Consumer,Kandy,2024-07-01
C01442,Customer 01442,Small Business,Colombo,2025-02-13
C01443,Customer 01443,Consumer,Kurunegala,2024-12-18
C01444,Customer 01444,Small Business,Kandy,2025-08-08
C01445,Customer 01445,Small Business,Negombo,2023-10-24
C01446,Customer 01446,Consumer,Negombo,2024-09-13
C01447,Customer 01447,Corporate,Anuradhapura,2025-02-22
C01448,Customer 01448,Small Business,Colombo,2024-02-09
C01449,Customer 01449,Consumer,Jaffna,2024-04-30
C01450,Customer 01450,Small Business,Anuradhapura,2023-05-20
C01451,Customer 01451,Small Business,Negombo,2025-03-26
C01452,Customer 01452,Small Business,Galle,2025-09-10
C01453,Customer 01453,Small Business,Kurunegala,2023-11-02
C01454,Customer 01454,Consumer,Galle,2025-09-07
C01455,Customer 01455,Consumer,Colombo,2023-05-07
C01456,Customer 01456,Small Business,Anuradhapura,2024-08-09
C01457,Customer 01457,Small Business,Kandy,2024-07-04
C01458,Customer 01458,Consumer,Kurunegala,2023-11-09
C01459,Customer 01459,Corporate,Galle,2023-08-05
C01460,Customer 01460,Consumer,Jaffna,2023-06-14
C01461,Customer 01461,Corporate,Jaffna,2024-09-23
C01462,Customer 01462,Consumer,Colombo,2023-04-28
C01463,Customer 01463,Small Business,Batticaloa,2025-05-21
C01464,Customer 01464,Small Business,Kandy,2024-10-22
C01465,Customer 01465,Small Business,Kandy,2023-10-25
C01466,Customer 01466,Consumer,Jaffna,2023-09-14
C01467,Customer 01467,Small Business,Batticaloa,2025-01-13
C01468,Customer 01468,Corporate,Kurunegala,2025-09-01
C01469,Customer 01469,Small Business,Jaffna,2023-05-12
C01470,Customer 01470,Corporate,Kandy,2023-04-13
C01471,Customer 01471,Consumer,Kurunegala,2025-07-10
C01472,Customer 01472,Corporate,Kurunegala,2024-05-12
C01473,Customer 01473,Small Business,Negombo,2024-09-23
C01474,Customer 01474,Small Business,Galle,2024-12-11
C01475,Customer 01475,Small Business,Kurunegala,2024-08-02
C01476,Customer 01476,Corporate,Anuradhapura,2025-04-07
C01477,Customer 01477,Consumer,Kurunegala,2023-06-22
C01478,Customer 01478,Consumer,Anuradhapura,2023-09-10
C01479,Customer 01479,Corporate,Galle,2023-10-11
C01480,Customer 01480,Small Business,Kurunegala,2024-11-26
C01481,Customer 01481,Corporate,Batticaloa,2025-06-17
C01482,Customer 01482,Corporate,Negombo,2024-04-01
C01483,Customer 01483,Small Business,Kandy,2024-05-13
C01484,Customer 01484,Small Business,Kandy,2023-06-29
C01485,Customer 01485,Corporate,Galle,2025-05-11
C01486,Customer 01486,Small Business,Jaffna,2025-07-01
C01487,Customer 01487,Small Business,Kandy,2023-09-27
C01488,Customer 01488,Consumer,Colombo,2025-01-14
C01489,Customer 01489,Small Business,Colombo,2025-05-19
C01490,Customer 01490,Small Business,Anuradhapura,2025-04-12
C01491,Customer 01491,Small Business,Jaffna,2025-02-26
C01492,Customer 01492,Consumer,Negombo,2025-07-17
C01493,Customer 01493,Small Business,Batticaloa,2024-07-10
C01494,Customer 01494,Consumer,Kurunegala,2024-10-31
C01495,Customer 01495,Consumer,Negombo,2024-02-06
C01496,Customer 01496,Corporate,Kandy,2023-05-18
C01497,Customer 01497,Corporate,Colombo,2024-02-11
C01498,Customer 01498,Consumer,Galle,2024-11-09
C01499,Customer 01499,Small Business,Galle,2025-02-14
C01500,Customer 01500,Consumer,Galle,2024-04-01
C01501,Customer 01501,Small Business,Galle,2024-08-02
C01502,Customer 01502,Small Business,Batticaloa,2025-01-23
C01503,Customer 01503,Corporate,Colombo,2025-08-19
C01504,Customer 01504,Corporate,Jaffna,2023-08-13
C01505,Customer 01505,Corporate,Kurunegala,2023-03-06
C01506,Customer 01506,Consumer,Jaffna,2023-08-28
C01507,Customer 01507,Corporate,Anuradhapura,2024-06-14
C01508,Customer 01508,Corporate,Colombo,2024-04-25
C01509,Customer 01509,Small Business,Kurunegala,2023-02-10
C01510,Customer 01510,Small Business,Negombo,2023-04-16
C01511,Customer 01511,Small Business,Negombo,2025-05-04
C01512,Customer 01512,Small Business,Galle,2024-08-15
C01513,Customer 01513,Small Business,Anuradhapura,2024-01-21
C01514,Customer 01514,Small Business,Kandy,2024-01-10
C01515,Customer 01515,Corporate,Anuradhapura,2024-06-13
C01516,Customer 01516,Consumer,Anuradhapura,2025-09-23
C01517,Customer 01517,Corporate,Batticaloa,2023-12-28
C01518,Customer 01518,Corporate,Colombo,2025-03-22
C01519,Customer 01519,Consumer,Batticaloa,2024-05-28
C01520,Customer 01520,Consumer,Kandy,2023-06-19
C01521,Customer 01521,Small Business,Negombo,2024-06-10
C01522,Customer 01522,Consumer,Galle,2023-08-05
C01523,Customer 01523,Corporate,Kandy,2023-06-11
C01524,Customer 01524,Consumer,Anuradhapura,2024-11-07
C01525,Customer 01525,Corporate,Kandy,2025-04-10
C01526,Customer 01526,Small Business,Batticaloa,2024-05-08
C01527,Customer 01527,Consumer,Galle,2024-05-05
C01528,Customer 01528,Corporate,Colombo,2024-10-24
C01529,Customer 01529,Consumer,Galle,2023-09-07
C01530,Customer 01530,Small Business,Galle,2024-08-10
C01531,Customer 01531,Small Business,Colombo,2023-05-18
C01532,Customer 01532,Small Business,Galle,2025-07-01
C01533,Customer 01533,Consumer,Negombo,2023-02-27
C01534,Customer 01534,Consumer,Anuradhapura,2025-08-02
C01535,Customer 01535,Small Business,Colombo,2024-09-05
C01536,Customer 01536,Small Business,Negombo,2025-06-18
C01537,Customer 01537,Consumer,Jaffna,2025-08-27
C01538,Customer 01538,Small Business,Batticaloa,2024-04-04
C01539,Customer 01539,Corporate,Galle,2025-06-07
C01540,Customer 01540,Corporate,Galle,2023-08-13
C01541,Customer 01541,Small Business,Galle,2025-03-24
C01542,Customer 01542,Small Business,Negombo,2024-09-30
C01543,Customer 01543,Small Business,Kurunegala,2023-06-21
C01544,Customer 01544,Corporate,Kandy,2025-08-02
C01545,Customer 01545,Corporate,Anuradhapura,2023-08-24
C01546,Customer 01546,Consumer,Colombo,2023-05-16
C01547,Customer 01547,Small Business,Anuradhapura,2023-07-27
C01548,Customer 01548,Consumer,Kandy,2025-04-26
C01549,Customer 01549,Corporate,Colombo,2023-07-01
C01550,Customer 01550,Small Business,Kandy,2025-06-17
C01551,Customer 01551,Corporate,Galle,2023-04-06
C01552,Customer 01552,Small Business,Colombo,2025-07-12
C01553,Customer 01553,Small Business,Anuradhapura,2025-07-07
C01554,Customer 01554,Corporate,Kurunegala,2024-06-18
C01555,Customer 01555,Consumer,Anuradhapura,2025-06-14
C01556,Customer 01556,Corporate,Anuradhapura,2023-08-23
C01557,Customer 01557,Small Business,Kandy,2023-12-25
C01558,Customer 01558,Consumer,Negombo,2024-03-11
C01559,Customer 01559,Consumer,Kandy,2024-05-03
C01560,Customer 01560,Small Business,Anuradhapura,2023-10-18
C01561,Customer 01561,Consumer,Colombo,2023-09-21
C01562,Customer 01562,Small Business,Colombo,2024-12-27
C01563,Customer 01563,Small Business,Kandy,2024-08-14
C01564,Customer 01564,Consumer,Anuradhapura,2024-06-16
C01565,Customer 01565,Consumer,Kurunegala,2024-11-01
C01566,Customer 01566,Corporate,Kandy,2024-02-23
C01567,Customer 01567,Corporate,Negombo,2023-06-08
C01568,Customer 01568,Small Business,Anuradhapura,2023-09-25
C01569,Customer 01569,Corporate,Negombo,2024-08-01
C01570,Customer 01570,Corporate,Jaffna,2024-11-27
C01571,Customer 01571,Small Business,Batticaloa,2024-02-28
C01572,Customer 01572,Corporate,Batticaloa,2023-07-03
C01573,Customer 01573,Corporate,Kurunegala,2023-09-17
C01574,Customer 01574,Small Business,Anuradhapura,2025-03-03
C01575,Customer 01575,Consumer,Kandy,2025-01-23
C01576,Customer 01576,Consumer,Batticaloa,2025-02-04
C01577,Customer 01577,Small Business,Galle,2025-03-12
C01578,Customer 01578,Consumer,Anuradhapura,2023-04-13
C01579,Customer 01579,Corporate,Colombo,2025-03-15
C01580,Customer 01580,Corporate,Colombo,2023-06-14
C01581,Customer 01581,Consumer,Galle,2025-04-03
C01582,Customer 01582,Small Business,Anuradhapura,2024-04-27
C01583,Customer 01583,Consumer,Negombo,2023-04-01
C01584,Customer 01584,Corporate,Kandy,2023-08-16
C01585,Customer 01585,Consumer,Anuradhapura,2024-09-15
C01586,Customer 01586,Corporate,Negombo,2025-08-11
C01587,Customer 01587,Small Business,Colombo,2024-12-29
C01588,Customer 01588,Consumer,Batticaloa,2025-08-26
C01589,Customer 01589,Consumer,Jaffna,2024-03-25
C01590,Customer 01590,Small Business,Negombo,2025-05-20
C01591,Customer 01591,Consumer,Jaffna,2023-07-19
C01592,Customer 01592,Consumer,Colombo,2024-09-21
C01593,Customer 01593,Consumer,Colombo,2024-01-04
C01594,Customer 01594,Consumer,Kandy,2025-09-26
C01595,Customer 01595,Corporate,Kurunegala,2023-10-10
C01596,Customer 01596,Corporate,Anuradhapura,2024-11-16
C01597,Customer 01597,Consumer,Colombo,2024-08-23
C01598,Customer 01598,Small Business,Kandy,2025-01-24
C01599,Customer 01599,Consumer,Negombo,2025-07-30
C01600,Customer 01600,Small Business,Kurunegala,2025-01-13
C01601,Customer 01601,Corporate,Jaffna,2023-12-22
C01602,Customer 01602,Consumer,Batticaloa,2024-09-12
C01603,Customer 01603,Corporate,Colombo,2025-08-10
C01604,Customer 01604,Consumer,Anuradhapura,2023-09-25
C01605,Customer 01605,Consumer,Kandy,2024-06-02
C01606,Customer 01606,Corporate,Kurunegala,2024-05-30
C01607,Customer 01607,Consumer,Negombo,2025-08-27
C01608,Customer 01608,Small Business,Negombo,2025-06-16
C01609,Customer 01609,Corporate,Anuradhapura,2024-12-11
C01610,Customer 01610,Corporate,Jaffna,2024-07-30
C01611,Customer 01611,Corporate,Batticaloa,2025-02-14
C01612,Customer 01612,Corporate,Colombo,2024-11-28
C01613,Customer 01613,Consumer,Negombo,2024-05-08
C01614,Customer 01614,Corporate,Jaffna,2023-03-11
C01615,Customer 01615,Small Business,Jaffna,2024-11-24
C01616,Customer 01616,Corporate,Anuradhapura,2025-03-30
C01617,Customer 01617,Corporate,Colombo,2025-09-05
C01618,Customer 01618,Corporate,Jaffna,2024-12-18
C01619,Customer 01619,Consumer,Anuradhapura,2023-10-22
C01620,Customer 01620,Small Business,Kurunegala,2024-11-20
C01621,Customer 01621,Small Business,Galle,2023-03-19
C01622,Customer 01622,Corporate,Kurunegala,2024-05-02
C01623,Customer 01623,Small Business,Negombo,2023-08-12
C01624,Customer 01624,Small Business,Jaffna,2023-07-07
C01625,Customer 01625,Small Business,Jaffna,2024-05-25
C01626,Customer 01626,Small Business,Jaffna,2023-08-29
C01627,Customer 01627,Corporate,Jaffna,2025-06-12
C01628,Customer 01628,Consumer,Jaffna,2023-08-23
C01629,Customer 01629,Small Business,Kurunegala,2025-05-06
C01630,Customer 01630,Consumer,Kandy,2023-06-09
C01631,Customer 01631,Consumer,Batticaloa,2025-07-31
C01632,Customer 01632,Consumer,Colombo,2024-09-20
C01633,Customer 01633,Corporate,Kurunegala,2025-05-18
C01634,Customer 01634,Corporate,Batticaloa,2024-09-27
C01635,Customer 01635,Small Business,Negombo,2025-07-08
C01636,Customer 01636,Consumer,Negombo,2024-05-17
C01637,Customer 01637,Consumer,Galle,2024-02-12
C01638,Customer 01638,Small Business,Anuradhapura,2023-02-25
C01639,Customer 01639,Small Business,Colombo,2024-05-04
C01640,Customer 01640,Corporate,Anuradhapura,2024-05-29
C01641,Customer 01641,Small Business,Galle,2025-05-31
C01642,Customer 01642,Consumer,Batticaloa,2024-04-13
C01643,Customer 01643,Small Business,Colombo,2023-11-20
C01644,Customer 01644,Small Business,Jaffna,2023-01-13
C01645,Customer 01645,Small Business,Kandy,2024-01-24
C01646,Customer 01646,Corporate,Negombo,2023-11-30
C01647,Customer 01647,Small Business,Negombo,2023-07-11
C01648,Customer 01648,Corporate,Batticaloa,2023-08-31
C01649,Customer 01649,Small Business,Kurunegala,2025-09-08
C01650,Customer 01650,Consumer,Batticaloa,2024-01-10
C01651,Customer 01651,Consumer,Anuradhapura,2024-03-10
C01652,Customer 01652,Corporate,Kurunegala,2024-12-18
C01653,Customer 01653,Corporate,Negombo,2025-05-24
C01654,Customer 01654,Consumer,Galle,2024-04-06
C01655,Customer 01655,Small Business,Jaffna,2024-08-12
C01656,Customer 01656,Consumer,Negombo,2025-04-13
C01657,Customer 01657,Consumer,Anuradhapura,2025-04-03
C01658,Customer 01658,Corporate,Jaffna,2025-05-26
C01659,Customer 01659,Small Business,Galle,2023-05-30
C01660,Customer 01660,Consumer,Galle,2024-04-29
C01661,Customer 01661,Corporate,Galle,2024-03-07
C01662,Customer 01662,Small Business,Kurunegala,2025-07-03
C01663,Customer 01663,Corporate,Negombo,2025-03-15
C01664,Customer 01664,Small Business,Colombo,2023-09-14
C01665,Customer 01665,Consumer,Galle,2024-02-12
C01666,Customer 01666,Consumer,Negombo,2023-03-03
C01667,Customer 01667,Small Business,Kandy,2024-05-02
C01668,Customer 01668,Small Business,Kurunegala,2024-04-05
C01669,Customer 01669,Corporate,Kurunegala,2023-09-24
C01670,Customer 01670,Small Business,Negombo,2024-07-27
C01671,Customer 01671,Consumer,Anuradhapura,2023-12-19
C01672,Customer 01672,Corporate,Jaffna,2023-05-05
C01673,Customer 01673,Small Business,Galle,2024-08-13
C01674,Customer 01674,Corporate,Kurunegala,2025-03-10
C01675,Customer 01675,Small Business,Batticaloa,2023-11-29
C01676,Customer 01676,Small Business,Batticaloa,2025-03-04
C01677,Customer 01677,Consumer,Anuradhapura,2025-06-29
C01678,Customer 01678,Corporate,Batticaloa,2024-09-20
C01679,Customer 01679,Consumer,Galle,2024-10-08
C01680,Customer 01680,Corporate,Anuradhapura,2024-10-17
C01681,Customer 01681,Small Business,Anuradhapura,2024-10-08
C01682,Customer 01682,Consumer,Kandy,2025-05-19
C01683,Customer 01683,Corporate,Jaffna,2023-06-15
C01684,Customer 01684,Corporate,Negombo,2023-11-18
C01685,Customer 01685,Corporate,Anuradhapura,2024-12-28
C01686,Customer 01686,Corporate,Kurunegala,2023-10-05
C01687,Customer 01687,Small Business,Batticaloa,2025-02-04
C01688,Customer 01688,Consumer,Galle,2024-02-28
C01689,Customer 01689,Consumer,Galle,2025-05-24
C01690,Customer 01690,Consumer,Negombo,2025-01-15
C01691,Customer 01691,Small Business,Kandy,2025-08-21
C01692,Customer 01692,Consumer,Anuradhapura,2023-08-04
C01693,Customer 01693,Consumer,Kandy,2023-04-16
C01694,Customer 01694,Corporate,Colombo,2025-08-17
C01695,Customer 01695,Corporate,Kandy,2023-01-27
C01696,Customer 01696,Corporate,Galle,2023-04-17
C01697,Customer 01697,Small Business,Anuradhapura,2023-03-28
C01698,Customer 01698,Consumer,Jaffna,2023-11-13
C01699,Customer 01699,Corporate,Batticaloa,2025-01-25
C01700,Customer 01700,Consumer,Galle,2024-10-03
C01701,Customer 01701,Consumer,Colombo,2024-06-23
C01702,Customer 01702,Small Business,Kurunegala,2023-02-05
C01703,Customer 01703,Corporate,Batticaloa,2025-05-31
C01704,Customer 01704,Small Business,Negombo,2024-04-23
C01705,Customer 01705,Corporate,Galle,2024-07-15
C01706,Customer 01706,Small Business,Galle,2025-09-19
C01707,Customer 01707,Small Business,Batticaloa,2024-08-28
C01708,Customer 01708,Small Business,Anuradhapura,2024-10-08
C01709,Customer 01709,Small Business,Negombo,2024-06-20
C01710,Customer 01710,Corporate,Batticaloa,2025-07-19
C01711,Customer 01711,Consumer,Kandy,2024-07-06
C01712,Customer 01712,Corporate,Kurunegala,2024-03-28
C01713,Customer 01713,Corporate,Galle,2024-02-27
C01714,Customer 01714,Consumer,Colombo,2023-11-07
C01715,Customer 01715,Consumer,Kurunegala,2024-06-19
C01716,Customer 01716,Corporate,Colombo,2023-10-21
C01717,Customer 01717,Corporate,Batticaloa,2024-12-05
C01718,Customer 01718,Consumer,Anuradhapura,2023-11-03
C01719,Customer 01719,Corporate,Jaffna,2025-03-28
C01720,Customer 01720,Consumer,Kurunegala,2025-03-26
C01721,Customer 01721,Corporate,Anuradhapura,2023-07-13
C01722,Customer 01722,Consumer,Galle,2024-02-09
C01723,Customer 01723,Small Business,Anuradhapura,2025-01-02
C01724,Customer 01724,Corporate,Jaffna,2025-04-28
C01725,Customer 01725,Consumer,Anuradhapura,2023-09-27
C01726,Customer 01726,Consumer,Negombo,2024-10-02
C01727,Customer 01727,Small Business,Negombo,2023-10-19
C01728,Customer 01728,Consumer,Kandy,2024-02-27
C01729,Customer 01729,Consumer,Negombo,2023-07-06
C01730,Customer 01730,Small Business,Batticaloa,2023-04-24
C01731,Customer 01731,Corporate,Negombo,2024-09-24
C01732,Customer 01732,Small Business,Batticaloa,2024-12-18
C01733,Customer 01733,Corporate,Colombo,2023-07-12
C01734,Customer 01734,Consumer,Colombo,2023-06-05
C01735,Customer 01735,Consumer,Negombo,2023-07-10
C01736,Customer 01736,Consumer,Batticaloa,2023-10-03
C01737,Customer 01737,Consumer,Jaffna,2025-01-14
C01738,Customer 01738,Consumer,Colombo,2023-04-03
C01739,Customer 01739,Consumer,Kurunegala,2024-05-20
C01740,Customer 01740,Corporate,Batticaloa,2024-03-06
C01741,Customer 01741,Corporate,Colombo,2024-01-16
C01742,Customer 01742,Consumer,Galle,2023-12-05
C01743,Customer 01743,Corporate,Anuradhapura,2023-02-27
C01744,Customer 01744,Small Business,Batticaloa,2023-03-15
C01745,Customer 01745,Consumer,Negombo,2023-07-05
C01746,Customer 01746,Corporate,Colombo,2025-04-16
C01747,Customer 01747,Small Business,Jaffna,2023-05-05
C01748,Customer 01748,Corporate,Jaffna,2024-01-30
C01749,Customer 01749,Consumer,Jaffna,2025-01-25
C01750,Customer 01750,Small Business,Kandy,2024-04-16
C01751,Customer 01751,Small Business,Jaffna,2024-06-17
C01752,Customer 01752,Corporate,Negombo,2024-04-29
C01753,Customer 01753,Corporate,Galle,2025-08-16
C01754,Customer 01754,Small Business,Colombo,2024-10-06
C01755,Customer 01755,Small Business,Kandy,2025-02-01
C01756,Customer 01756,Corporate,Negombo,2023-09-17
C01757,Customer 01757,Corporate,Colombo,2023-07-23
C01758,Customer 01758,Small Business,Jaffna,2025-06-03
C01759,Customer 01759,Consumer,Jaffna,2025-09-23
C01760,Customer 01760,Corporate,Kurunegala,2024-10-10
C01761,Customer 01761,Consumer,Negombo,2023-01-16
C01762,Customer 01762,Consumer,Anuradhapura,2024-08-21
C01763,Customer 01763,Consumer,Colombo,2025-03-19
C01764,Customer 01764,Consumer,Batticaloa,2025-09-19
C01765,Customer 01765,Small Business,Galle,2024-12-05
C01766,Customer 01766,Consumer,Jaffna,2024-01-16
C01767,Customer 01767,Corporate,Kandy,2023-06-11
C01768,Customer 01768,Small Business,Kurunegala,2024-12-03
C01769,Customer 01769,Small Business,Colombo,2025-08-11
C01770,Customer 01770,Corporate,Galle,2023-03-03
C01771,Customer 01771,Small Business,Kandy,2024-12-19
C01772,Customer 01772,Corporate,Jaffna,2023-05-09
C01773,Customer 01773,Small Business,Kurunegala,2023-11-21
C01774,Customer 01774,Corporate,Jaffna,2025-04-04
C01775,Customer 01775,Small Business,Anuradhapura,2023-01-22
C01776,Customer 01776,Small Business,Galle,2024-01-02
C01777,Customer 01777,Consumer,Batticaloa,2023-09-14
C01778,Customer 01778,Corporate,Negombo,2024-12-24
C01779,Customer 01779,Small Business,Batticaloa,2024-07-09
C01780,Customer 01780,Small Business,Galle,2023-07-14
C01781,Customer 01781,Corporate,Kurunegala,2024-07-10
C01782,Customer 01782,Corporate,Negombo,2025-01-19
C01783,Customer 01783,Small Business,Galle,2025-06-07
C01784,Customer 01784,Small Business,Galle,2023-03-12
C01785,Customer 01785,Corporate,Negombo,2024-04-05
C01786,Customer 01786,Corporate,Batticaloa,2024-07-08
C01787,Customer 01787,Small Business,Anuradhapura,2023-01-01
C01788,Customer 01788,Consumer,Colombo,2025-01-21
C01789,Customer 01789,Corporate,Jaffna,2024-09-26
C01790,Customer 01790,Small Business,Kandy,2023-11-25
C01791,Customer 01791,Small Business,Anuradhapura,2024-11-05
C01792,Customer 01792,Small Business,Batticaloa,2023-07-14
C01793,Customer 01793,Small Business,Galle,2025-02-23
C01794,Customer 01794,Corporate,Kurunegala,2024-09-19
C01795,Customer 01795,Small Business,Kurunegala,2024-02-24
C01796,Customer 01796,Consumer,Kandy,2023-04-24
C01797,Customer 01797,Consumer,Galle,2023-02-14
C01798,Customer 01798,Consumer,Jaffna,2025-06-13
C01799,Customer 01799,Corporate,Jaffna,2023-04-20
C01800,Customer 01800,Consumer,Anuradhapura,2023-04-12
C01801,Customer 01801,Corporate,Negombo,2024-11-04
C01802,Customer 01802,Corporate,Jaffna,2023-02-20
C01803,Customer 01803,Small Business,Kandy,2024-09-12
C01804,Customer 01804,Consumer,Batticaloa,2023-01-14
C01805,Customer 01805,Consumer,Batticaloa,2025-08-08
C01806,Customer 01806,Small Business,Colombo,2025-03-31
C01807,Customer 01807,Small Business,Anuradhapura,2024-01-05
C01808,Customer 01808,Corporate,Colombo,2025-04-21
C01809,Customer 01809,Small Business,Negombo,2025-04-23
C01810,Customer 01810,Consumer,Kandy,2024-06-25
C01811,Customer 01811,Corporate,Kandy,2025-05-04
C01812,Customer 01812,Consumer,Kandy,2025-08-25
C01813,Customer 01813,Small Business,Jaffna,2023-04-14
C01814,Customer 01814,Corporate,Jaffna,2024-06-28
C01815,Customer 01815,Small Business,Jaffna,2023-07-17
C01816,Customer 01816,Small Business,Galle,2024-08-06
C01817,Customer 01817,Small Business,Anuradhapura,2024-07-25
C01818,Customer 01818,Consumer,Kurunegala,2025-02-03
C01819,Customer 01819,Corporate,Anuradhapura,2024-11-21
C01820,Customer 01820,Consumer,Galle,2025-06-23
C01821,Customer 01821,Consumer,Anuradhapura,2025-03-22
C01822,Customer 01822,Corporate,Galle,2024-05-31
C01823,Customer 01823,Small Business,Batticaloa,2024-06-30
C01824,Customer 01824,Corporate,Kurunegala,2025-08-13
C01825,Customer 01825,Corporate,Kurunegala,2024-07-17
C01826,Customer 01826,Small Business,Anuradhapura,2024-02-27
C01827,Customer 01827,Small Business,Kurunegala,2025-04-25
C01828,Customer 01828,Consumer,Jaffna,2024-09-15
C01829,Customer 01829,Small Business,Negombo,2024-01-20
C01830,Customer 01830,Corporate,Batticaloa,2024-01-04
C01831,Customer 01831,Corporate,Colombo,2025-09-09
C01832,Customer 01832,Consumer,Negombo,2025-01-13
C01833,Customer 01833,Consumer,Galle,2024-09-02
C01834,Customer 01834,Corporate,Colombo,2025-06-30
C01835,Customer 01835,Consumer,Jaffna,2023-11-04
C01836,Customer 01836,Corporate,Colombo,2025-05-26
C01837,Customer 01837,Small Business,Negombo,2025-03-01
C01838,Customer 01838,Small Business,Galle,2025-07-30
C01839,Customer 01839,Consumer,Batticaloa,2023-04-07
C01840,Customer 01840,Consumer,Galle,2023-12-31
C01841,Customer 01841,Corporate,Jaffna,2023-09-29
C01842,Customer 01842,Corporate,Negombo,2023-08-27
C01843,Customer 01843,Small Business,Anuradhapura,2023-04-05
C01844,Customer 01844,Consumer,Kandy,2024-08-05
C01845,Customer 01845,Corporate,Batticaloa,2025-01-10
C01846,Customer 01846,Corporate,Kandy,2023-06-27
C01847,Customer 01847,Small Business,Negombo,2024-09-01
C01848,Customer 01848,Small Business,Anuradhapura,2023-02-08
C01849,Customer 01849,Consumer,Kurunegala,2023-03-22
C01850,Customer 01850,Corporate,Anuradhapura,2023-12-23
C01851,Customer 01851,Consumer,Jaffna,2025-08-10
C01852,Customer 01852,Small Business,Colombo,2025-02-04
C01853,Customer 01853,Small Business,Anuradhapura,2024-10-11
C01854,Customer 01854,Corporate,Colombo,2023-02-25
C01855,Customer 01855,Small Business,Galle,2023-11-23
C01856,Customer 01856,Small Business,Jaffna,2023-12-01
C01857,Customer 01857,Consumer,Anuradhapura,2023-06-06
C01858,Customer 01858,Corporate,Kandy,2025-09-21
C01859,Customer 01859,Corporate,Negombo,2023-08-16
C01860,Customer 01860,Corporate,Galle,2025-03-16
C01861,Customer 01861,Corporate,Kandy,2023-05-16
C01862,Customer 01862,Small Business,Colombo,2024-05-02
C01863,Customer 01863,Corporate,Negombo,2024-07-15
C01864,Customer 01864,Corporate,Anuradhapura,2023-03-29
C01865,Customer 01865,Small Business,Galle,2025-03-03
C01866,Customer 01866,Consumer,Batticaloa,2025-02-19
C01867,Customer 01867,Consumer,Batticaloa,2024-07-26
C01868,Customer 01868,Small Business,Jaffna,2024-02-09
C01869,Customer 01869,Small Business,Jaffna,2024-07-28
C01870,Customer 01870,Consumer,Negombo,2023-09-06
C01871,Customer 01871,Corporate,Kurunegala,2025-03-06
C01872,Customer 01872,Small Business,Kandy,2024-12-02
C01873,Customer 01873,Small Business,Anuradhapura,2023-04-26
C01874,Customer 01874,Corporate,Kurunegala,2024-03-09
C01875,Customer 01875,Corporate,Kurunegala,2023-07-15
C01876,Customer 01876,Small Business,Colombo,2024-08-31
C01877,Customer 01877,Corporate,Galle,2025-02-27
C01878,Customer 01878,Small Business,Batticaloa,2023-12-25
C01879,Customer 01879,Consumer,Batticaloa,2024-09-30
C01880,Customer 01880,Consumer,Jaffna,2023-02-15
C01881,Customer 01881,Corporate,Galle,2024-12-02
C01882,Customer 01882,Small Business,Kandy,2025-02-14
C01883,Customer 01883,Small Business,Colombo,2023-04-26
C01884,Customer 01884,Small Business,Galle,2023-09-06
C01885,Customer 01885,Corporate,Colombo,2025-06-08
C01886,Customer 01886,Small Business,Kandy,2023-12-18
C01887,Customer 01887,Corporate,Batticaloa,2023-11-09
C01888,Customer 01888,Corporate,Jaffna,2023-01-24
C01889,Customer 01889,Small Business,Jaffna,2025-01-27
C01890,Customer 01890,Small Business,Negombo,2023-07-28
C01891,Customer 01891,Corporate,Galle,2024-07-15
C01892,Customer 01892,Small Business,Colombo,2024-12-12
C01893,Customer 01893,Small Business,Colombo,2024-01-21
C01894,Customer 01894,Consumer,Colombo,2023-09-19
C01895,Customer 01895,Consumer,Negombo,2023-10-18
C01896,Customer 01896,Corporate,Colombo,2023-02-24
C01897,Customer 01897,Corporate,Negombo,2023-03-10
C01898,Customer 01898,Small Business,Kurunegala,2024-11-09
C01899,Customer 01899,Consumer,Colombo,2025-06-04
C01900,Customer 01900,Small Business,Anuradhapura,2023-10-27
C01901,Customer 01901,Corporate,Kandy,2023-08-25
C01902,Customer 01902,Corporate,Batticaloa,2025-07-14
C01903,Customer 01903,Small Business,Kandy,2025-06-06
C01904,Customer 01904,Consumer,Batticaloa,2023-07-10
C01905,Customer 01905,Small Business,Colombo,2024-07-28
C01906,Customer 01906,Consumer,Negombo,2023-02-10
C01907,Customer 01907,Corporate,Anuradhapura,2023-12-08
C01908,Customer 01908,Consumer,Colombo,2025-02-01
C01909,Customer 01909,Small Business,Kurunegala,2023-12-22
C01910,Customer 01910,Small Business,Negombo,2023-12-30
C01911,Customer 01911,Small Business,Negombo,2023-08-30
C01912,Customer 01912,Consumer,Negombo,2025-04-11
C01913,Customer 01913,Corporate,Colombo,2025-06-18
C01914,Customer 01914,Small Business,Negombo,2025-08-24
C01915,Customer 01915,Consumer,Kurunegala,2023-08-19
C01916,Customer 01916,Corporate,Galle,2025-07-07
C01917,Customer 01917,Small Business,Anuradhapura,2023-03-31
C01918,Customer 01918,Small Business,Jaffna,2024-06-17
C01919,Customer 01919,Consumer,Galle,2024-03-03
C01920,Customer 01920,Corporate,Kurunegala,2024-03-12
C01921,Customer 01921,Small Business,Galle,2024-04-04
C01922,Customer 01922,Small Business,Galle,2023-07-31
C01923,Customer 01923,Small Business,Jaffna,2024-08-17
C01924,Customer 01924,Consumer,Negombo,2025-06-02
C01925,Customer 01925,Small Business,Galle,2024-12-06
C01926,Customer 01926,Consumer,Galle,2024-03-16
C01927,Customer 01927,Consumer,Kandy,2023-11-22
C01928,Customer 01928,Corporate,Galle,2023-07-08
C01929,Customer 01929,Consumer,Kurunegala,2025-01-14
C01930,Customer 01930,Corporate,Anuradhapura,2025-06-20
C01931,Customer 01931,Corporate,Negombo,2023-11-07
C01932,Customer 01932,Consumer,Kandy,2023-06-05
C01933,Customer 01933,Consumer,Colombo,2023-05-15
C01934,Customer 01934,Small Business,Negombo,2025-02-19
C01935,Customer 01935,Small Business,Jaffna,2024-09-12
C01936,Customer 01936,Consumer,Jaffna,2024-09-02
C01937,Customer 01937,Consumer,Kurunegala,2024-12-04
C01938,Customer 01938,Small Business,Batticaloa,2023-03-23
C01939,Customer 01939,Small Business,Batticaloa,2023-05-18
C01940,Customer 01940,Small Business,Kurunegala,2024-12-30
C01941,Customer 01941,Corporate,Batticaloa,2023-07-08
C01942,Customer 01942,Consumer,Galle,2024-04-30
C01943,Customer 01943,Consumer,Colombo,2023-07-17
C01944,Customer 01944,Consumer,Negombo,2024-02-23
C01945,Customer 01945,Corporate,Jaffna,2025-08-31
C01946,Customer 01946,Small Business,Jaffna,2025-01-30
C01947,Customer 01947,Consumer,Kandy,2025-02-14
C01948,Customer 01948,Corporate,Batticaloa,2023-07-01
C01949,Customer 01949,Corporate,Batticaloa,2024-12-05
C01950,Customer 01950,Consumer,Anuradhapura,2025-06-27
C01951,Customer 01951,Consumer,Anuradhapura,2024-02-19
C01952,Customer 01952,Corporate,Anuradhapura,2025-01-07
C01953,Customer 01953,Small Business,Colombo,2024-09-18
C01954,Customer 01954,Consumer,Batticaloa,2024-06-17
C01955,Customer 01955,Consumer,Jaffna,2024-04-12
C01956,Customer 01956,Small Business,Anuradhapura,2024-06-15
C01957,Customer 01957,Consumer,Anuradhapura,2025-01-22
C01958,Customer 01958,Small Business,Colombo,2024-06-12
C01959,Customer 01959,Corporate,Batticaloa,2023-07-14
C01960,Customer 01960,Corporate,Negombo,2024-02-12
C01961,Customer 01961,Consumer,Anuradhapura,2024-04-17
C01962,Customer 01962,Small Business,Colombo,2023-10-29
C01963,Customer 01963,Small Business,Galle,2024-12-07
C01964,Customer 01964,Small Business,Batticaloa,2024-04-19
C01965,Customer 01965,Small Business,Kandy,2023-04-03
C01966,Customer 01966,Small Business,Galle,2023-07-04
C01967,Customer 01967,Corporate,Kurunegala,2024-02-07
C01968,Customer 01968,Consumer,Galle,2024-04-06
C01969,Customer 01969,Small Business,Jaffna,2024-04-09
C01970,Customer 01970,Corporate,Kandy,2025-06-22
C01971,Customer 01971,Corporate,Galle,2023-09-14
C01972,Customer 01972,Small Business,Kandy,2025-01-05
C01973,Customer 01973,Consumer,Batticaloa,2023-04-04
C01974,Customer 01974,Corporate,Kandy,2024-10-11
C01975,Customer 01975,Small Business,Anuradhapura,2024-06-20
C01976,Customer 01976,Small Business,Galle,2025-01-14
C01977,Customer 01977,Small Business,Anuradhapura,2024-01-23
C01978,Customer 01978,Consumer,Kurunegala,2023-02-14
C01979,Customer 01979,Small Business,Galle,2024-08-02
C01980,Customer 01980,Consumer,Galle,2023-06-16
C01981,Customer 01981,Small Business,Colombo,2025-02-26
C01982,Customer 01982,Corporate,Negombo,2024-03-05
C01983,Customer 01983,Corporate,Negombo,2025-01-17
C01984,Customer 01984,Consumer,Kandy,2024-10-03
C01985,Customer 01985,Consumer,Jaffna,2025-07-09
C01986,Customer 01986,Small Business,Negombo,2023-01-04
C01987,Customer 01987,Corporate,Batticaloa,2023-01-13
C01988,Customer 01988,Corporate,Colombo,2025-05-25
C01989,Customer 01989,Corporate,Jaffna,2024-09-14
C01990,Customer 01990,Small Business,Batticaloa,2023-08-11
C01991,Customer 01991,Corporate,Batticaloa,2024-04-09
C01992,Customer 01992,Small Business,Colombo,2023-03-23
C01993,Customer 01993,Small Business,Negombo,2023-09-08
C01994,Customer 01994,Small Business,Jaffna,2024-09-26
C01995,Customer 01995,Consumer,Galle,2023-02-20
C01996,Customer 01996,Small Business,Kurunegala,2023-02-26
C01997,Customer 01997,Consumer,Colombo,2023-02-07
C01998,Customer 01998,Small Business,Negombo,2024-11-14
C01999,Customer 01999,Consumer,Colombo,2023-12-06
C02000,Customer 02000,Corporate,Galle,2023-04-22
C02001,Customer 02001,Small Business,Negombo,2023-06-15
C02002,Customer 02002,Small Business,Galle,2024-09-17
C02003,Customer 02003,Corporate,Kurunegala,2025-09-16
C02004,Customer 02004,Consumer,Kandy,2025-08-11
C02005,Customer 02005,Corporate,Kurunegala,2025-02-25
C02006,Customer 02006,Corporate,Kandy,2024-01-13
C02007,Customer 02007,Corporate,Kandy,2025-02-15
C02008,Customer 02008,Corporate,Galle,2023-10-27
C02009,Customer 02009,Small Business,Negombo,2023-05-05
C02010,Customer 02010,Small Business,Anuradhapura,2023-12-04
C02011,Customer 02011,Consumer,Jaffna,2024-06-21
C02012,Customer 02012,Consumer,Kandy,2024-09-18
C02013,Customer 02013,Small Business,Kandy,2024-08-08
C02014,Customer 02014,Small Business,Negombo,2024-05-10
C02015,Customer 02015,Small Business,Kurunegala,2024-03-13
C02016,Customer 02016,Small Business,Kurunegala,2023-09-23
C02017,Customer 02017,Consumer,Batticaloa,2025-08-07
C02018,Customer 02018,Small Business,Batticaloa,2024-06-16
C02019,Customer 02019,Consumer,Jaffna,2024-05-19
C02020,Customer 02020,Corporate,Jaffna,2024-12-26
C02021,Customer 02021,Consumer,Colombo,2023-01-02
C02022,Customer 02022,Small Business,Kandy,2024-04-21
C02023,Customer 02023,Consumer,Anuradhapura,2025-01-25
C02024,Customer 02024,Consumer,Kurunegala,2024-02-28
C02025,Customer 02025,Small Business,Jaffna,2023-12-25
C02026,Customer 02026,Small Business,Jaffna,2023-01-12
C02027,Customer 02027,Corporate,Negombo,2024-12-07
C02028,Customer 02028,Consumer,Negombo,2025-03-20
C02029,Customer 02029,Small Business,Kurunegala,2023-11-04
C02030,Customer 02030,Consumer,Kandy,2025-02-24
C02031,Customer 02031,Corporate,Kurunegala,2024-12-03
C02032,Customer 02032,Small Business,Colombo,2024-02-10
C02033,Customer 02033,Consumer,Jaffna,2025-05-02
C02034,Customer 02034,Corporate,Batticaloa,2023-12-05
C02035,Customer 02035,Corporate,Colombo,2025-07-27
C02036,Customer 02036,Consumer,Batticaloa,2024-10-23
C02037,Customer 02037,Small Business,Batticaloa,2023-06-09
C02038,Customer 02038,Small Business,Kurunegala,2025-07-02
C02039,Customer 02039,Corporate,Colombo,2024-04-18
C02040,Customer 02040,Small Business,Negombo,2025-05-05
C02041,Customer 02041,Small Business,Kurunegala,2024-08-01
C02042,Customer 02042,Small Business,Colombo,2024-07-22
C02043,Customer 02043,Small Business,Kurunegala,2023-08-02
C02044,Customer 02044,Corporate,Kandy,2025-03-29
C02045,Customer 02045,Consumer,Negombo,2025-09-19
C02046,Customer 02046,Consumer,Kurunegala,2025-05-10
C02047,Customer 02047,Small Business,Galle,2024-01-20
C02048,Customer 02048,Small Business,Anuradhapura,2024-08-07
C02049,Customer 02049,Small Business,Kandy,2023-07-11
C02050,Customer 02050,Corporate,Kurunegala,2025-06-04
C02051,Customer 02051,Consumer,Negombo,2024-12-27
C02052,Customer 02052,Consumer,Batticaloa,2024-02-28
C02053,Customer 02053,Consumer,Kurunegala,2025-06-17
C02054,Customer 02054,Corporate,Jaffna,2024-04-07
C02055,Customer 02055,Corporate,Galle,2024-06-21
C02056,Customer 02056,Corporate,Colombo,2023-04-25
C02057,Customer 02057,Consumer,Kandy,2025-03-07
C02058,Customer 02058,Small Business,Colombo,2024-03-30
C02059,Customer 02059,Corporate,Galle,2025-03-29
C02060,Customer 02060,Corporate,Batticaloa,2023-07-14
C02061,Customer 02061,Small Business,Negombo,2025-01-20
C02062,Customer 02062,Corporate,Galle,2025-03-05
C02063,Customer 02063,Consumer,Galle,2025-02-26
C02064,Customer 02064,Small Business,Colombo,2023-07-30
C02065,Customer 02065,Corporate,Kandy,2024-04-15
C02066,Customer 02066,Corporate,Colombo,2023-01-05
C02067,Customer 02067,Small Business,Kandy,2024-12-04
C02068,Customer 02068,Corporate,Colombo,2023-12-08
C02069,Customer 02069,Small Business,Negombo,2023-04-16
C02070,Customer 02070,Small Business,Negombo,2023-01-24
C02071,Customer 02071,Consumer,Kurunegala,2024-10-16
C02072,Customer 02072,Consumer,Negombo,2023-07-25
C02073,Customer 02073,Small Business,Kurunegala,2023-10-11
C02074,Customer 02074,Corporate,Kandy,2025-03-02
C02075,Customer 02075,Consumer,Galle,2023-10-07
C02076,Customer 02076,Consumer,Colombo,2023-10-08
C02077,Customer 02077,Small Business,Kandy,2025-09-08
C02078,Customer 02078,Small Business,Kurunegala,2023-07-31
C02079,Customer 02079,Corporate,Negombo,2024-07-16
C02080,Customer 02080,Small Business,Negombo,2023-05-25
C02081,Customer 02081,Consumer,Galle,2024-08-10
C02082,Customer 02082,Corporate,Kurunegala,2023-03-14
C02083,Customer 02083,Corporate,Colombo,2024-07-07
C02084,Customer 02084,Consumer,Batticaloa,2023-05-14
C02085,Customer 02085,Small Business,Colombo,2025-07-13
C02086,Customer 02086,Corporate,Colombo,2023-04-19
C02087,Customer 02087,Corporate,Anuradhapura,2023-03-30
C02088,Customer 02088,Small Business,Batticaloa,2023-07-03
C02089,Customer 02089,Corporate,Negombo,2024-09-23
C02090,Customer 02090,Consumer,Kandy,2023-12-07
C02091,Customer 02091,Corporate,Galle,2025-09-24
C02092,Customer 02092,Small Business,Batticaloa,2023-04-06
C02093,Customer 02093,Corporate,Negombo,2023-04-10
C02094,Customer 02094,Small Business,Batticaloa,2024-12-01
C02095,Customer 02095,Consumer,Jaffna,2024-04-26
C02096,Customer 02096,Small Business,Negombo,2023-05-28
C02097,Customer 02097,Corporate,Anuradhapura,2025-07-23
C02098,Customer 02098,Small Business,Kurunegala,2023-07-07
C02099,Customer 02099,Corporate,Batticaloa,2025-03-18
C02100,Customer 02100,Consumer,Kandy,2024-05-14
C02101,Customer 02101,Consumer,Kurunegala,2024-05-01
C02102,Customer 02102,Corporate,Galle,2024-05-05
C02103,Customer 02103,Corporate,Galle,2023-10-17
C02104,Customer 02104,Consumer,Anuradhapura,2024-06-04
C02105,Customer 02105,Small Business,Kandy,2025-04-17
C02106,Customer 02106,Small Business,Kandy,2023-11-30
C02107,Customer 02107,Corporate,Batticaloa,2025-03-22
C02108,Customer 02108,Small Business,Anuradhapura,2024-02-15
C02109,Customer 02109,Small Business,Jaffna,2023-09-02
C02110,Customer 02110,Consumer,Batticaloa,2024-07-15
C02111,Customer 02111,Consumer,Kurunegala,2024-01-29
C02112,Customer 02112,Small Business,Anuradhapura,2023-08-02
C02113,Customer 02113,Corporate,Kurunegala,2025-03-14
C02114,Customer 02114,Small Business,Jaffna,2024-07-11
C02115,Customer 02115,Small Business,Kandy,2023-06-27
C02116,Customer 02116,Small Business,Batticaloa,2025-01-27
C02117,Customer 02117,Small Business,Batticaloa,2023-04-28
C02118,Customer 02118,Small Business,Kandy,2023-11-30
C02119,Customer 02119,Corporate,Galle,2025-04-21
C02120,Customer 02120,Corporate,Kandy,2023-11-12
C02121,Customer 02121,Consumer,Anuradhapura,2024-09-04
C02122,Customer 02122,Corporate,Colombo,2023-12-02
C02123,Customer 02123,Consumer,Galle,2023-04-03
C02124,Customer 02124,Small Business,Colombo,2025-06-27
C02125,Customer 02125,Consumer,Galle,2025-02-14
C02126,Customer 02126,Small Business,Negombo,2024-04-08
C02127,Customer 02127,Small Business,Batticaloa,2024-02-04
C02128,Customer 02128,Consumer,Kurunegala,2023-07-20
C02129,Customer 02129,Small Business,Negombo,2023-11-03
C02130,Customer 02130,Corporate,Kurunegala,2025-07-29
C02131,Customer 02131,Small Business,Colombo,2023-04-02
C02132,Customer 02132,Small Business,Anuradhapura,2024-09-18
C02133,Customer 02133,Consumer,Negombo,2025-05-17
C02134,Customer 02134,Corporate,Colombo,2023-03-05
C02135,Customer 02135,Small Business,Kurunegala,2023-01-01
C02136,Customer 02136,Corporate,Colombo,2023-04-23
C02137,Customer 02137,Corporate,Anuradhapura,2023-08-29
C02138,Customer 02138,Corporate,Anuradhapura,2024-10-02
C02139,Customer 02139,Corporate,Anuradhapura,2024-02-20
C02140,Customer 02140,Consumer,Galle,2024-07-12
C02141,Customer 02141,Consumer,Jaffna,2024-05-01
C02142,Customer 02142,Corporate,Kurunegala,2024-07-22
C02143,Customer 02143,Corporate,Galle,2025-05-10
C02144,Customer 02144,Small Business,Galle,2023-10-23
C02145,Customer 02145,Consumer,Kandy,2023-05-18
C02146,Customer 02146,Consumer,Galle,2024-10-25
C02147,Customer 02147,Corporate,Anuradhapura,2025-01-08
C02148,Customer 02148,Consumer,Kandy,2025-09-25
C02149,Customer 02149,Small Business,Anuradhapura,2023-05-21
C02150,Customer 02150,Corporate,Anuradhapura,2025-05-30
C02151,Customer 02151,Consumer,Batticaloa,2024-09-30
C02152,Customer 02152,Corporate,Batticaloa,2024-06-05
C02153,Customer 02153,Corporate,Jaffna,2024-01-29
C02154,Customer 02154,Corporate,Colombo,2023-07-10
C02155,Customer 02155,Corporate,Jaffna,2024-08-14
C02156,Customer 02156,Small Business,Negombo,2024-12-30
C02157,Customer 02157,Small Business,Kurunegala,2024-02-25
C02158,Customer 02158,Consumer,Batticaloa,2023-02-04
C02159,Customer 02159,Corporate,Kandy,2024-12-22
C02160,Customer 02160,Corporate,Kandy,2024-08-17
C02161,Customer 02161,Small Business,Negombo,2023-05-26
C02162,Customer 02162,Small Business,Kandy,2024-04-21
C02163,Customer 02163,Small Business,Kandy,2024-06-19
C02164,Customer 02164,Corporate,Kandy,2023-09-09
C02165,Customer 02165,Small Business,Negombo,2024-12-01
C02166,Customer 02166,Consumer,Kurunegala,2024-09-19
C02167,Customer 02167,Consumer,Batticaloa,2024-07-01
C02168,Customer 02168,Small Business,Batticaloa,2024-04-09
C02169,Customer 02169,Small Business,Kurunegala,2024-08-10
C02170,Customer 02170,Corporate,Negombo,2024-03-07
C02171,Customer 02171,Consumer,Colombo,2023-10-24
C02172,Customer 02172,Small Business,Negombo,2024-12-12
C02173,Customer 02173,Small Business,Negombo,2025-01-14
C02174,Customer 02174,Small Business,Batticaloa,2023-03-04
C02175,Customer 02175,Consumer,Colombo,2024-08-15
C02176,Customer 02176,Corporate,Colombo,2024-11-03
C02177,Customer 02177,Corporate,Kandy,2023-10-21
C02178,Customer 02178,Small Business,Kandy,2023-05-10
C02179,Customer 02179,Corporate,Negombo,2025-05-21
C02180,Customer 02180,Small Business,Negombo,2023-05-16
C02181,Customer 02181,Corporate,Colombo,2023-10-09
C02182,Customer 02182,Consumer,Galle,2025-01-29
C02183,Customer 02183,Small Business,Galle,2025-07-20
C02184,Customer 02184,Corporate,Kurunegala,2024-11-05
C02185,Customer 02185,Consumer,Negombo,2025-04-07
C02186,Customer 02186,Small Business,Jaffna,2025-03-12
C02187,Customer 02187,Consumer,Colombo,2024-05-11
C02188,Customer 02188,Consumer,Galle,2023-12-18
C02189,Customer 02189,Consumer,Batticaloa,2024-09-01
C02190,Customer 02190,Corporate,Anuradhapura,2025-02-09
C02191,Customer 02191,Small Business,Batticaloa,2023-09-01
C02192,Customer 02192,Small Business,Galle,2025-01-13
C02193,Customer 02193,Small Business,Kurunegala,2023-08-04
C02194,Customer 02194,Small Business,Negombo,2023-02-25
C02195,Customer 02195,Consumer,Colombo,2025-02-12
C02196,Customer 02196,Corporate,Anuradhapura,2023-06-21
C02197,Customer 02197,Corporate,Batticaloa,2024-05-02
C02198,Customer 02198,Small Business,Jaffna,2025-02-03
C02199,Customer 02199,Small Business,Anuradhapura,2024-01-24
C02200,Customer 02200,Corporate,Galle,2024-04-30
C02201,Customer 02201,Corporate,Colombo,2024-06-27
C02202,Customer 02202,Corporate,Anuradhapura,2023-10-23
C02203,Customer 02203,Corporate,Colombo,2024-11-25
C02204,Customer 02204,Small Business,Kurunegala,2023-04-10
C02205,Customer 02205,Corporate,Negombo,2025-09-06
C02206,Customer 02206,Corporate,Negombo,2023-12-10
C02207,Customer 02207,Consumer,Negombo,2025-04-01
C02208,Customer 02208,Small Business,Anuradhapura,2024-11-01
C02209,Customer 02209,Small Business,Jaffna,2024-04-17
C02210,Customer 02210,Small Business,Jaffna,2025-01-21
C02211,Customer 02211,Corporate,Galle,2024-06-16
C02212,Customer 02212,Small Business,Colombo,2023-11-17
C02213,Customer 02213,Consumer,Kandy,2024-11-19
C02214,Customer 02214,Corporate,Kandy,2023-01-13
C02215,Customer 02215,Consumer,Batticaloa,2024-06-21
C02216,Customer 02216,Consumer,Negombo,2023-12-26
C02217,Customer 02217,Consumer,Colombo,2023-09-15
C02218,Customer 02218,Small Business,Kandy,2023-01-25
C02219,Customer 02219,Small Business,Jaffna,2023-02-28
C02220,Customer 02220,Small Business,Kandy,2025-08-31
C02221,Customer 02221,Consumer,Kandy,2024-12-26
C02222,Customer 02222,Small Business,Galle,2025-05-26
C02223,Customer 02223,Small Business,Galle,2024-01-20
C02224,Customer 02224,Consumer,Galle,2025-07-06
C02225,Customer 02225,Corporate,Batticaloa,2023-09-17
C02226,Customer 02226,Consumer,Batticaloa,2024-11-07
C02227,Customer 02227,Corporate,Anuradhapura,2025-08-02
C02228,Customer 02228,Small Business,Kurunegala,2024-12-09
C02229,Customer 02229,Consumer,Kandy,2023-09-21
C02230,Customer 02230,Consumer,Anuradhapura,2023-10-11
C02231,Customer 02231,Corporate,Colombo,2024-02-02
C02232,Customer 02232,Corporate,Galle,2023-09-22
C02233,Customer 02233,Consumer,Batticaloa,2024-03-27
C02234,Customer 02234,Consumer,Anuradhapura,2025-08-08
C02235,Customer 02235,Small Business,Batticaloa,2023-07-02
C02236,Customer 02236,Consumer,Anuradhapura,2023-04-22
C02237,Customer 02237,Small Business,Kandy,2023-08-12
C02238,Customer 02238,Corporate,Negombo,2025-07-23
C02239,Customer 02239,Consumer,Kandy,2023-04-16
C02240,Customer 02240,Small Business,Negombo,2023-03-14
C02241,Customer 02241,Corporate,Colombo,2025-03-06
C02242,Customer 02242,Corporate,Galle,2025-07-07
C02243,Customer 02243,Small Business,Colombo,2024-10-30
C02244,Customer 02244,Consumer,Anuradhapura,2025-08-13
C02245,Customer 02245,Consumer,Kurunegala,2023-09-30
C02246,Customer 02246,Corporate,Colombo,2025-07-15
C02247,Customer 02247,Small Business,Batticaloa,2024-06-11
C02248,Customer 02248,Corporate,Anuradhapura,2024-05-04
C02249,Customer 02249,Small Business,Kandy,2025-05-14
C02250,Customer 02250,Consumer,Colombo,2024-07-07
C02251,Customer 02251,Small Business,Batticaloa,2024-01-29
C02252,Customer 02252,Small Business,Kurunegala,2023-05-05
C02253,Customer 02253,Small Business,Negombo,2023-12-08
C02254,Customer 02254,Consumer,Kandy,2024-02-15
C02255,Customer 02255,Small Business,Kurunegala,2024-01-10
C02256,Customer 02256,Corporate,Negombo,2023-03-24
C02257,Customer 02257,Consumer,Galle,2024-10-25
C02258,Customer 02258,Consumer,Anuradhapura,2024-07-21
C02259,Customer 02259,Consumer,Negombo,2024-11-07
C02260,Customer 02260,Corporate,Kandy,2024-12-13
C02261,Customer 02261,Small Business,Kurunegala,2024-10-07
C02262,Customer 02262,Consumer,Batticaloa,2024-05-13
C02263,Customer 02263,Consumer,Galle,2025-01-22
C02264,Customer 02264,Consumer,Colombo,2023-02-06
C02265,Customer 02265,Small Business,Jaffna,2025-01-07
C02266,Customer 02266,Corporate,Kandy,2024-05-15
C02267,Customer 02267,Small Business,Negombo,2025-03-22
C02268,Customer 02268,Small Business,Batticaloa,2024-05-26
C02269,Customer 02269,Consumer,Colombo,2025-09-16
C02270,Customer 02270,Consumer,Kurunegala,2023-12-14
C02271,Customer 02271,Small Business,Colombo,2025-03-17
C02272,Customer 02272,Consumer,Jaffna,2024-02-20
C02273,Customer 02273,Small Business,Batticaloa,2025-04-06
C02274,Customer 02274,Small Business,Galle,2025-08-20
C02275,Customer 02275,Small Business,Jaffna,2025-01-28
C02276,Customer 02276,Consumer,Colombo,2025-08-05
C02277,Customer 02277,Consumer,Batticaloa,2025-01-23
C02278,Customer 02278,Consumer,Batticaloa,2024-10-31
C02279,Customer 02279,Small Business,Colombo,2025-07-17
C02280,Customer 02280,Small Business,Galle,2023-09-06
C02281,Customer 02281,Consumer,Colombo,2023-01-15
C02282,Customer 02282,Corporate,Kandy,2025-07-15
C02283,Customer 02283,Small Business,Galle,2024-04-12
C02284,Customer 02284,Small Business,Kandy,2025-05-05
C02285,Customer 02285,Consumer,Kandy,2025-04-17
C02286,Customer 02286,Small Business,Jaffna,2024-05-24
C02287,Customer 02287,Consumer,Anuradhapura,2023-03-06
C02288,Customer 02288,Small Business,Anuradhapura,2023-12-12
C02289,Customer 02289,Consumer,Galle,2023-11-29
C02290,Customer 02290,Consumer,Colombo,2023-11-26
C02291,Customer 02291,Consumer,Kurunegala,2024-08-30
C02292,Customer 02292,Consumer,Negombo,2023-03-06
C02293,Customer 02293,Corporate,Galle,2023-05-25
C02294,Customer 02294,Corporate,Galle,2024-12-14
C02295,Customer 02295,Consumer,Colombo,2024-03-25
C02296,Customer 02296,Consumer,Anuradhapura,2023-05-17
C02297,Customer 02297,Consumer,Colombo,2025-03-07
C02298,Customer 02298,Corporate,Kandy,2025-06-19
C02299,Customer 02299,Consumer,Galle,2023-01-07
C02300,Customer 02300,Consumer,Negombo,2025-08-06
C02301,Customer 02301,Small Business,Batticaloa,2024-03-02
C02302,Customer 02302,Consumer,Jaffna,2024-12-09
C02303,Customer 02303,Small Business,Negombo,2023-05-27
C02304,Customer 02304,Corporate,Anuradhapura,2024-06-19
C02305,Customer 02305,Consumer,Colombo,2023-09-02
C02306,Customer 02306,Consumer,Batticaloa,2024-09-02
C02307,Customer 02307,Consumer,Negombo,2024-09-18
C02308,Customer 02308,Corporate,Colombo,2023-12-23
C02309,Customer 02309,Consumer,Jaffna,2024-07-25
C02310,Customer 02310,Small Business,Kandy,2023-05-01
C02311,Customer 02311,Corporate,Jaffna,2024-09-25
C02312,Customer 02312,Small Business,Jaffna,2024-04-20
C02313,Customer 02313,Consumer,Jaffna,2023-10-11
C02314,Customer 02314,Consumer,Batticaloa,2023-04-26
C02315,Customer 02315,Consumer,Galle,2024-05-24
C02316,Customer 02316,Consumer,Colombo,2024-11-17
C02317,Customer 02317,Corporate,Negombo,2024-10-22
C02318,Customer 02318,Corporate,Negombo,2023-08-03
C02319,Customer 02319,Small Business,Batticaloa,2023-12-09
C02320,Customer 02320,Consumer,Colombo,2023-02-14
C02321,Customer 02321,Small Business,Galle,2025-08-05
C02322,Customer 02322,Consumer,Batticaloa,2023-06-11
C02323,Customer 02323,Consumer,Kandy,2024-06-11
C02324,Customer 02324,Consumer,Batticaloa,2025-07-05
C02325,Customer 02325,Small Business,Kurunegala,2024-08-29
C02326,Customer 02326,Consumer,Kurunegala,2024-03-05
C02327,Customer 02327,Consumer,Kurunegala,2023-08-24
C02328,Customer 02328,Consumer,Jaffna,2023-08-22
C02329,Customer 02329,Corporate,Jaffna,2025-01-25
C02330,Customer 02330,Consumer,Kandy,2024-01-20
C02331,Customer 02331,Small Business,Batticaloa,2024-04-27
C02332,Customer 02332,Corporate,Galle,2023-02-25
C02333,Customer 02333,Small Business,Batticaloa,2023-08-10
C02334,Customer 02334,Corporate,Kurunegala,2023-07-02
C02335,Customer 02335,Corporate,Jaffna,2023-05-20
C02336,Customer 02336,Corporate,Negombo,2024-10-09
C02337,Customer 02337,Corporate,Galle,2023-07-27
C02338,Customer 02338,Small Business,Colombo,2023-02-02
C02339,Customer 02339,Consumer,Kandy,2023-10-15
C02340,Customer 02340,Corporate,Batticaloa,2025-05-22
C02341,Customer 02341,Consumer,Kurunegala,2024-03-04
C02342,Customer 02342,Corporate,Galle,2023-08-14
C02343,Customer 02343,Small Business,Galle,2025-03-19
C02344,Customer 02344,Small Business,Jaffna,2024-08-14
C02345,Customer 02345,Corporate,Batticaloa,2023-03-30
C02346,Customer 02346,Consumer,Batticaloa,2025-06-01
C02347,Customer 02347,Corporate,Negombo,2025-05-07
C02348,Customer 02348,Small Business,Anuradhapura,2023-01-15
C02349,Customer 02349,Consumer,Jaffna,2025-01-23
C02350,Customer 02350,Corporate,Jaffna,2023-12-02
C02351,Customer 02351,Small Business,Galle,2025-07-02
C02352,Customer 02352,Small Business,Colombo,2025-07-24
C02353,Customer 02353,Consumer,Colombo,2024-03-03
C02354,Customer 02354,Small Business,Colombo,2024-04-26
C02355,Customer 02355,Small Business,Anuradhapura,2024-03-11
C02356,Customer 02356,Small Business,Kandy,2024-05-05
C02357,Customer 02357,Corporate,Jaffna,2024-04-08
C02358,Customer 02358,Small Business,Colombo,2023-03-27
C02359,Customer 02359,Small Business,Anuradhapura,2024-12-10
C02360,Customer 02360,Consumer,Galle,2025-08-30
C02361,Customer 02361,Corporate,Jaffna,2024-01-03
C02362,Customer 02362,Consumer,Colombo,2024-10-25
C02363,Customer 02363,Small Business,Negombo,2024-05-06
C02364,Customer 02364,Small Business,Batticaloa,2023-06-15
C02365,Customer 02365,Small Business,Colombo,2025-05-28
C02366,Customer 02366,Corporate,Batticaloa,2025-09-26
C02367,Customer 02367,Consumer,Anuradhapura,2025-03-01
C02368,Customer 02368,Corporate,Batticaloa,2023-07-09
C02369,Customer 02369,Small Business,Colombo,2024-12-21
C02370,Customer 02370,Small Business,Kandy,2025-05-31
C02371,Customer 02371,Small Business,Kurunegala,2024-01-30
C02372,Customer 02372,Consumer,Negombo,2024-06-27
C02373,Customer 02373,Corporate,Jaffna,2024-03-12
C02374,Customer 02374,Small Business,Kandy,2025-03-17
C02375,Customer 02375,Corporate,Colombo,2024-09-27
C02376,Customer 02376,Small Business,Kurunegala,2024-06-11
C02377,Customer 02377,Consumer,Kandy,2025-06-28
C02378,Customer 02378,Corporate,Batticaloa,2024-01-28
C02379,Customer 02379,Consumer,Kurunegala,2024-09-25
C02380,Customer 02380,Consumer,Kandy,2024-01-11
C02381,Customer 02381,Small Business,Jaffna,2024-07-28
C02382,Customer 02382,Corporate,Jaffna,2023-05-22
C02383,Customer 02383,Consumer,Batticaloa,2024-07-06
C02384,Customer 02384,Small Business,Jaffna,2025-01-25
C02385,Customer 02385,Small Business,Jaffna,2025-02-10
C02386,Customer 02386,Corporate,Negombo,2023-11-25
C02387,Customer 02387,Small Business,Anuradhapura,2024-05-30
C02388,Customer 02388,Consumer,Kandy,2023-10-11
C02389,Customer 02389,Corporate,Batticaloa,2024-01-17
C02390,Customer 02390,Small Business,Kandy,2024-05-12
C02391,Customer 02391,Small Business,Negombo,2024-04-26
C02392,Customer 02392,Small Business,Kurunegala,2024-04-07
C02393,Customer 02393,Small Business,Kandy,2025-03-30
C02394,Customer 02394,Corporate,Kandy,2023-07-12
C02395,Customer 02395,Corporate,Galle,2023-03-24
C02396,Customer 02396,Consumer,Kandy,2023-10-23
C02397,Customer 02397,Corporate,Kandy,2023-06-18
C02398,Customer 02398,Consumer,Batticaloa,2024-12-14
C02399,Customer 02399,Consumer,Colombo,2023-06-04
C02400,Customer 02400,Corporate,Galle,2023-10-28
C02401,Customer 02401,Corporate,Anuradhapura,2024-04-30
C02402,Customer 02402,Small Business,Colombo,2024-03-30
C02403,Customer 02403,Consumer,Kandy,2023-10-26
C02404,Customer 02404,Consumer,Kurunegala,2023-01-23
C02405,Customer 02405,Small Business,Kurunegala,2024-02-26
C02406,Customer 02406,Small Business,Kurunegala,2024-11-02
C02407,Customer 02407,Small Business,Batticaloa,2024-05-12
C02408,Customer 02408,Corporate,Galle,2024-04-13
C02409,Customer 02409,Corporate,Galle,2025-07-08
C02410,Customer 02410,Corporate,Jaffna,2025-03-19
C02411,Customer 02411,Corporate,Negombo,2024-05-10
C02412,Customer 02412,Consumer,Galle,2025-02-27
C02413,Customer 02413,Corporate,Batticaloa,2023-12-28
C02414,Customer 02414,Consumer,Galle,2025-09-06
C02415,Customer 02415,Small Business,Negombo,2024-12-29
C02416,Customer 02416,Consumer,Galle,2023-07-06
C02417,Customer 02417,Consumer,Kandy,2023-06-15
C02418,Customer 02418,Corporate,Galle,2023-02-12
C02419,Customer 02419,Corporate,Kurunegala,2024-03-27
C02420,Customer 02420,Consumer,Colombo,2023-07-08
C02421,Customer 02421,Corporate,Kurunegala,2024-11-12
C02422,Customer 02422,Corporate,Batticaloa,2023-06-01
C02423,Customer 02423,Consumer,Negombo,2024-07-06
C02424,Customer 02424,Consumer,Anuradhapura,2023-05-05
C02425,Customer 02425,Corporate,Galle,2025-08-11
C02426,Customer 02426,Corporate,Kurunegala,2025-08-28
C02427,Customer 02427,Consumer,Kurunegala,2023-06-09
C02428,Customer 02428,Small Business,Negombo,2024-10-24
C02429,Customer 02429,Corporate,Galle,2024-04-30
C02430,Customer 02430,Small Business,Batticaloa,2025-03-29
C02431,Customer 02431,Small Business,Kandy,2023-12-13
C02432,Customer 02432,Corporate,Colombo,2025-01-19
C02433,Customer 02433,Small Business,Kandy,2023-05-23
C02434,Customer 02434,Consumer,Anuradhapura,2023-11-12
C02435,Customer 02435,Consumer,Batticaloa,2024-09-24
C02436,Customer 02436,Consumer,Kurunegala,2024-01-01
C02437,Customer 02437,Small Business,Jaffna,2023-02-26
C02438,Customer 02438,Small Business,Jaffna,2024-08-20
C02439,Customer 02439,Corporate,Jaffna,2025-03-11
C02440,Customer 02440,Consumer,Batticaloa,2023-01-24
C02441,Customer 02441,Small Business,Kandy,2024-11-24
C02442,Customer 02442,Small Business,Anuradhapura,2025-09-26
C02443,Customer 02443,Corporate,Kurunegala,2023-07-19
C02444,Customer 02444,Small Business,Colombo,2024-09-09
C02445,Customer 02445,Small Business,Kurunegala,2025-07-19
C02446,Customer 02446,Consumer,Anuradhapura,2024-02-12
C02447,Customer 02447,Corporate,Kurunegala,2024-01-14
C02448,Customer 02448,Corporate,Kurunegala,2023-01-13
C02449,Customer 02449,Corporate,Batticaloa,2023-12-26
C02450,Customer 02450,Small Business,Kandy,2025-06-14
C02451,Customer 02451,Small Business,Batticaloa,2023-08-09
C02452,Customer 02452,Corporate,Batticaloa,2025-01-29
C02453,Customer 02453,Consumer,Anuradhapura,2023-10-23
C02454,Customer 02454,Corporate,Galle,2025-01-16
C02455,Customer 02455,Small Business,Kandy,2025-05-05
C02456,Customer 02456,Consumer,Negombo,2023-05-28
C02457,Customer 02457,Small Business,Kurunegala,2024-05-01
C02458,Customer 02458,Small Business,Anuradhapura,2023-03-09
C02459,Customer 02459,Consumer,Anuradhapura,2023-04-01
C02460,Customer 02460,Corporate,Anuradhapura,2024-10-16
C02461,Customer 02461,Small Business,Batticaloa,2023-06-29
C02462,Customer 02462,Small Business,Galle,2024-12-28
C02463,Customer 02463,Consumer,Anuradhapura,2023-07-24
C02464,Customer 02464,Small Business,Batticaloa,2023-10-24
C02465,Customer 02465,Corporate,Negombo,2023-02-13
C02466,Customer 02466,Small Business,Batticaloa,2024-05-20
C02467,Customer 02467,Consumer,Colombo,2023-08-18
C02468,Customer 02468,Corporate,Negombo,2023-06-07
C02469,Customer 02469,Small Business,Batticaloa,2025-09-05
C02470,Customer 02470,Small Business,Negombo,2023-05-08
C02471,Customer 02471,Consumer,Batticaloa,2024-03-03
C02472,Customer 02472,Small Business,Jaffna,2025-07-17
C02473,Customer 02473,Consumer,Negombo,2023-01-30
C02474,Customer 02474,Consumer,Kurunegala,2024-05-19
C02475,Customer 02475,Corporate,Anuradhapura,2024-08-18
C02476,Customer 02476,Corporate,Batticaloa,2025-06-08
C02477,Customer 02477,Small Business,Kandy,2025-09-24
C02478,Customer 02478,Small Business,Colombo,2024-01-18
C02479,Customer 02479,Corporate,Galle,2025-05-15
C02480,Customer 02480,Consumer,Galle,2024-08-18
C02481,Customer 02481,Corporate,Galle,2023-11-24
C02482,Customer 02482,Consumer,Colombo,2024-01-01
C02483,Customer 02483,Corporate,Anuradhapura,2023-10-07
C02484,Customer 02484,Corporate,Colombo,2024-10-13
C02485,Customer 02485,Corporate,Kandy,2023-10-24
C02486,Customer 02486,Consumer,Galle,2024-06-10
C02487,Customer 02487,Consumer,Galle,2025-02-22
C02488,Customer 02488,Corporate,Kurunegala,2024-07-10
C02489,Customer 02489,Small Business,Negombo,2025-04-26
C02490,Customer 02490,Small Business,Kurunegala,2023-10-05
C02491,Customer 02491,Small Business,Kurunegala,2023-04-09
C02492,Customer 02492,Consumer,Colombo,2025-04-23
C02493,Customer 02493,Small Business,Negombo,2023-05-21
C02494,Customer 02494,Corporate,Anuradhapura,2024-01-17
C02495,Customer 02495,Consumer,Kandy,2023-12-15
C02496,Customer 02496,Consumer,Jaffna,2023-08-12
C02497,Customer 02497,Consumer,Kandy,2025-05-01
C02498,Customer 02498,Corporate,Kandy,2024-03-03
C02499,Customer 02499,Consumer,Colombo,2023-04-30
C02500,Customer 02500,Corporate,Negombo,2024-05-06
C02501,Customer 02501,Corporate,Galle,2024-12-08
C02502,Customer 02502,Corporate,Kurunegala,2025-04-16
C02503,Customer 02503,Small Business,Negombo,2023-06-26
C02504,Customer 02504,Small Business,Kandy,2023-01-30
C02505,Customer 02505,Consumer,Galle,2023-08-16
C02506,Customer 02506,Consumer,Negombo,2024-12-05
C02507,Customer 02507,Consumer,Galle,2023-05-09
C02508,Customer 02508,Corporate,Kandy,2023-03-22
C02509,Customer 02509,Consumer,Batticaloa,2023-03-21
C02510,Customer 02510,Corporate,Colombo,2025-02-14
C02511,Customer 02511,Consumer,Colombo,2023-07-21
C02512,Customer 02512,Small Business,Colombo,2025-03-23
C02513,Customer 02513,Consumer,Negombo,2024-04-25
C02514,Customer 02514,Consumer,Negombo,2023-02-14
C02515,Customer 02515,Consumer,Kandy,2024-11-14
C02516,Customer 02516,Consumer,Jaffna,2025-03-12
C02517,Customer 02517,Consumer,Galle,2024-08-24
C02518,Customer 02518,Corporate,Colombo,2024-11-17
C02519,Customer 02519,Consumer,Negombo,2023-04-03
C02520,Customer 02520,Small Business,Kurunegala,2025-08-29
C02521,Customer 02521,Consumer,Jaffna,2023-12-27
C02522,Customer 02522,Small Business,Kandy,2024-06-01
C02523,Customer 02523,Small Business,Colombo,2023-04-12
C02524,Customer 02524,Consumer,Jaffna,2024-06-25
C02525,Customer 02525,Corporate,Galle,2025-09-14
C02526,Customer 02526,Small Business,Colombo,2025-07-12
C02527,Customer 02527,Small Business,Kandy,2025-09-23
C02528,Customer 02528,Consumer,Batticaloa,2025-08-04
C02529,Customer 02529,Small Business,Galle,2024-01-11
C02530,Customer 02530,Small Business,Kandy,2024-03-26
C02531,Customer 02531,Corporate,Anuradhapura,2023-07-05
C02532,Customer 02532,Consumer,Jaffna,2024-03-10
C02533,Customer 02533,Consumer,Kurunegala,2024-02-22
C02534,Customer 02534,Corporate,Kandy,2023-05-07
C02535,Customer 02535,Consumer,Batticaloa,2024-06-16
C02536,Customer 02536,Corporate,Negombo,2025-02-19
C02537,Customer 02537,Small Business,Colombo,2024-07-24
C02538,Customer 02538,Corporate,Batticaloa,2023-03-26
C02539,Customer 02539,Corporate,Negombo,2023-04-29
C02540,Customer 02540,Small Business,Negombo,2024-04-12
C02541,Customer 02541,Corporate,Jaffna,2024-12-04
C02542,Customer 02542,Corporate,Negombo,2024-07-21
C02543,Customer 02543,Corporate,Jaffna,2025-05-25
C02544,Customer 02544,Consumer,Batticaloa,2025-05-27
C02545,Customer 02545,Small Business,Kurunegala,2025-08-19
C02546,Customer 02546,Consumer,Batticaloa,2023-07-03
C02547,Customer 02547,Consumer,Anuradhapura,2024-11-19
C02548,Customer 02548,Small Business,Kandy,2024-03-24
C02549,Customer 02549,Consumer,Anuradhapura,2023-05-03
C02550,Customer 02550,Small Business,Kandy,2024-02-15
C02551,Customer 02551,Consumer,Kandy,2025-01-29
C02552,Customer 02552,Consumer,Kurunegala,2024-01-08
C02553,Customer 02553,Small Business,Anuradhapura,2023-07-25
C02554,Customer 02554,Consumer,Anuradhapura,2023-05-06
C02555,Customer 02555,Corporate,Negombo,2025-01-12
C02556,Customer 02556,Small Business,Negombo,2025-02-22
C02557,Customer 02557,Small Business,Anuradhapura,2025-02-13
C02558,Customer 02558,Corporate,Anuradhapura,2023-12-31
C02559,Customer 02559,Small Business,Negombo,2024-05-11
C02560,Customer 02560,Corporate,Kandy,2023-05-31
C02561,Customer 02561,Corporate,Batticaloa,2023-05-06
C02562,Customer 02562,Consumer,Galle,2024-05-24
C02563,Customer 02563,Consumer,Colombo,2023-01-31
C02564,Customer 02564,Consumer,Batticaloa,2025-04-30
C02565,Customer 02565,Consumer,Galle,2024-11-25
C02566,Customer 02566,Small Business,Kurunegala,2024-01-27
C02567,Customer 02567,Corporate,Kandy,2023-06-06
C02568,Customer 02568,Consumer,Batticaloa,2025-02-17
C02569,Customer 02569,Corporate,Jaffna,2025-03-22
C02570,Customer 02570,Small Business,Batticaloa,2023-10-28
C02571,Customer 02571,Small Business,Negombo,2024-05-17
C02572,Customer 02572,Corporate,Colombo,2024-07-09
C02573,Customer 02573,Consumer,Anuradhapura,2025-09-02
C02574,Customer 02574,Consumer,Anuradhapura,2025-06-20
C02575,Customer 02575,Corporate,Anuradhapura,2024-04-05
C02576,Customer 02576,Corporate,Colombo,2024-03-29
C02577,Customer 02577,Consumer,Negombo,2023-02-03
C02578,Customer 02578,Small Business,Galle,2025-06-24
C02579,Customer 02579,Corporate,Galle,2024-05-18
C02580,Customer 02580,Small Business,Anuradhapura,2023-11-16
C02581,Customer 02581,Consumer,Batticaloa,2024-05-14
C02582,Customer 02582,Small Business,Batticaloa,2024-11-06
C02583,Customer 02583,Small Business,Galle,2024-05-02
C02584,Customer 02584,Consumer,Anuradhapura,2024-06-02
C02585,Customer 02585,Corporate,Anuradhapura,2023-09-27
C02586,Customer 02586,Small Business,Kurunegala,2024-09-23
C02587,Customer 02587,Corporate,Kurunegala,2025-02-23
C02588,Customer 02588,Consumer,Colombo,2023-03-04
C02589,Customer 02589,Corporate,Kurunegala,2023-05-12
C02590,Customer 02590,Small Business,Colombo,2025-04-08
C02591,Customer 02591,Small Business,Kurunegala,2025-02-22
C02592,Customer 02592,Consumer,Anuradhapura,2024-01-25
C02593,Customer 02593,Corporate,Anuradhapura,2023-12-20
C02594,Customer 02594,Consumer,Jaffna,2023-12-26
C02595,Customer 02595,Consumer,Negombo,2023-09-11
C02596,Customer 02596,Consumer,Kandy,2024-08-29
C02597,Customer 02597,Corporate,Kandy,2025-06-08
C02598,Customer 02598,Consumer,Colombo,2023-12-12
C02599,Customer 02599,Corporate,Colombo,2024-07-05
C02600,Customer 02600,Small Business,Anuradhapura,2024-04-16
C02601,Customer 02601,Small Business,Anuradhapura,2024-08-04
C02602,Customer 02602,Consumer,Batticaloa,2023-10-01
C02603,Customer 02603,Consumer,Kurunegala,2024-08-25
C02604,Customer 02604,Small Business,Anuradhapura,2024-01-22
C02605,Customer 02605,Small Business,Kandy,2023-11-27
C02606,Customer 02606,Corporate,Kandy,2025-04-07
C02607,Customer 02607,Small Business,Jaffna,2024-12-08
C02608,Customer 02608,Corporate,Kurunegala,2023-12-11
C02609,Customer 02609,Small Business,Negombo,2023-06-20
C02610,Customer 02610,Corporate,Jaffna,2024-01-08
C02611,Customer 02611,Small Business,Kandy,2024-05-23
C02612,Customer 02612,Small Business,Jaffna,2025-05-10
C02613,Customer 02613,Corporate,Colombo,2023-10-22
C02614,Customer 02614,Small Business,Anuradhapura,2023-11-01
C02615,Customer 02615,Consumer,Kandy,2025-04-03
C02616,Customer 02616,Small Business,Kandy,2025-01-04
C02617,Customer 02617,Corporate,Negombo,2024-08-29
C02618,Customer 02618,Small Business,Batticaloa,2023-03-10
C02619,Customer 02619,Consumer,Kurunegala,2024-03-13
C02620,Customer 02620,Consumer,Negombo,2025-03-25
C02621,Customer 02621,Corporate,Anuradhapura,2024-05-31
C02622,Customer 02622,Small Business,Kurunegala,2024-11-10
C02623,Customer 02623,Corporate,Anuradhapura,2023-07-24
C02624,Customer 02624,Small Business,Batticaloa,2023-09-15
C02625,Customer 02625,Small Business,Galle,2024-11-18
C02626,Customer 02626,Consumer,Galle,2025-06-21
C02627,Customer 02627,Corporate,Jaffna,2024-08-13
C02628,Customer 02628,Small Business,Batticaloa,2024-11-07
C02629,Customer 02629,Small Business,Anuradhapura,2023-10-02
C02630,Customer 02630,Small Business,Colombo,2025-08-15
C02631,Customer 02631,Consumer,Kurunegala,2024-06-18
C02632,Customer 02632,Consumer,Jaffna,2024-04-18
C02633,Customer 02633,Small Business,Negombo,2023-06-04
C02634,Customer 02634,Corporate,Anuradhapura,2025-05-14
C02635,Customer 02635,Consumer,Jaffna,2023-11-23
C02636,Customer 02636,Corporate,Negombo,2025-05-16
C02637,Customer 02637,Corporate,Galle,2025-04-23
C02638,Customer 02638,Small Business,Jaffna,2023-09-20
C02639,Customer 02639,Consumer,Kandy,2024-02-20
C02640,Customer 02640,Consumer,Colombo,2023-06-03
C02641,Customer 02641,Corporate,Batticaloa,2023-09-09
C02642,Customer 02642,Small Business,Anuradhapura,2024-05-12
C02643,Customer 02643,Small Business,Colombo,2024-03-08
C02644,Customer 02644,Consumer,Negombo,2023-07-26
C02645,Customer 02645,Consumer,Negombo,2023-05-20
C02646,Customer 02646,Corporate,Galle,2025-03-19
C02647,Customer 02647,Consumer,Batticaloa,2024-10-21
C02648,Customer 02648,Consumer,Colombo,2025-03-12
C02649,Customer 02649,Consumer,Kurunegala,2025-05-30
C02650,Customer 02650,Corporate,Kandy,2024-09-08
C02651,Customer 02651,Corporate,Kurunegala,2025-07-11
C02652,Customer 02652,Small Business,Kandy,2024-11-18
C02653,Customer 02653,Small Business,Galle,2024-02-11
C02654,Customer 02654,Consumer,Kandy,2023-08-30
C02655,Customer 02655,Small Business,Negombo,2024-06-18
C02656,Customer 02656,Consumer,Jaffna,2024-05-23
C02657,Customer 02657,Consumer,Kurunegala,2024-09-06
C02658,Customer 02658,Small Business,Anuradhapura,2023-12-04
C02659,Customer 02659,Small Business,Jaffna,2025-04-05
C02660,Customer 02660,Corporate,Jaffna,2025-08-15
C02661,Customer 02661,Consumer,Galle,2023-05-28
C02662,Customer 02662,Corporate,Batticaloa,2023-08-08
C02663,Customer 02663,Corporate,Colombo,2024-02-23
C02664,Customer 02664,Small Business,Kurunegala,2024-05-17
C02665,Customer 02665,Consumer,Kurunegala,2024-12-17
C02666,Customer 02666,Corporate,Batticaloa,2024-07-12
C02667,Customer 02667,Consumer,Negombo,2024-11-30
C02668,Customer 02668,Consumer,Kurunegala,2025-06-19
C02669,Customer 02669,Small Business,Kurunegala,2024-05-01
C02670,Customer 02670,Corporate,Colombo,2025-04-21
C02671,Customer 02671,Small Business,Colombo,2024-10-22
C02672,Customer 02672,Small Business,Colombo,2025-05-11
C02673,Customer 02673,Small Business,Jaffna,2024-12-08
C02674,Customer 02674,Small Business,Anuradhapura,2023-09-17
C02675,Customer 02675,Small Business,Kurunegala,2023-11-13
C02676,Customer 02676,Small Business,Kandy,2025-07-13
C02677,Customer 02677,Consumer,Batticaloa,2024-07-01
C02678,Customer 02678,Consumer,Anuradhapura,2024-02-02
C02679,Customer 02679,Corporate,Negombo,2025-08-07
C02680,Customer 02680,Consumer,Negombo,2023-04-03
C02681,Customer 02681,Consumer,Batticaloa,2023-08-04
C02682,Customer 02682,Corporate,Anuradhapura,2024-10-08
C02683,Customer 02683,Consumer,Negombo,2025-03-19
C02684,Customer 02684,Consumer,Batticaloa,2025-06-06
C02685,Customer 02685,Small Business,Anuradhapura,2024-04-27
C02686,Customer 02686,Corporate,Anuradhapura,2025-08-06
C02687,Customer 02687,Consumer,Galle,2025-06-16
C02688,Customer 02688,Corporate,Kandy,2024-12-16
C02689,Customer 02689,Corporate,Kurunegala,2023-12-27
C02690,Customer 02690,Small Business,Colombo,2024-04-09
C02691,Customer 02691,Consumer,Galle,2025-02-19
C02692,Customer 02692,Corporate,Galle,2024-10-07
C02693,Customer 02693,Corporate,Jaffna,2023-01-04
C02694,Customer 02694,Corporate,Kurunegala,2024-10-05
C02695,Customer 02695,Consumer,Kandy,2024-08-12
C02696,Customer 02696,Consumer,Galle,2023-06-11
C02697,Customer 02697,Small Business,Anuradhapura,2025-05-17
C02698,Customer 02698,Corporate,Batticaloa,2025-03-22
C02699,Customer 02699,Small Business,Galle,2024-05-04
C02700,Customer 02700,Consumer,Kurunegala,2023-09-24
C02701,Customer 02701,Corporate,Jaffna,2025-03-29
C02702,Customer 02702,Corporate,Kurunegala,2023-03-28
C02703,Customer 02703,Corporate,Anuradhapura,2023-07-06
C02704,Customer 02704,Small Business,Jaffna,2025-08-25
C02705,Customer 02705,Consumer,Jaffna,2023-01-22
C02706,Customer 02706,Consumer,Batticaloa,2025-07-17
C02707,Customer 02707,Corporate,Galle,2023-07-23
C02708,Customer 02708,Corporate,Anuradhapura,2023-02-20
C02709,Customer 02709,Corporate,Galle,2024-09-06
C02710,Customer 02710,Corporate,Galle,2023-04-02
C02711,Customer 02711,Small Business,Kandy,2025-08-27
C02712,Customer 02712,Small Business,Anuradhapura,2023-01-15
C02713,Customer 02713,Corporate,Batticaloa,2025-03-02
C02714,Customer 02714,Consumer,Jaffna,2023-05-02
C02715,Customer 02715,Corporate,Negombo,2023-07-15
C02716,Customer 02716,Corporate,Anuradhapura,2025-02-03
C02717,Customer 02717,Corporate,Jaffna,2023-05-14
C02718,Customer 02718,Consumer,Negombo,2024-09-06
C02719,Customer 02719,Small Business,Jaffna,2025-01-14
C02720,Customer 02720,Consumer,Anuradhapura,2024-03-04
C02721,Customer 02721,Consumer,Colombo,2025-03-22
C02722,Customer 02722,Corporate,Jaffna,2023-10-25
C02723,Customer 02723,Corporate,Jaffna,2024-09-24
C02724,Customer 02724,Small Business,Batticaloa,2024-01-14
C02725,Customer 02725,Consumer,Batticaloa,2023-03-29
C02726,Customer 02726,Corporate,Anuradhapura,2023-05-17
C02727,Customer 02727,Consumer,Anuradhapura,2024-12-04
C02728,Customer 02728,Corporate,Negombo,2024-12-26
C02729,Customer 02729,Consumer,Colombo,2023-03-16
C02730,Customer 02730,Corporate,Jaffna,2023-02-23
C02731,Customer 02731,Corporate,Colombo,2024-04-27
C02732,Customer 02732,Corporate,Anuradhapura,2023-01-06
C02733,Customer 02733,Corporate,Kurunegala,2023-11-06
C02734,Customer 02734,Small Business,Colombo,2023-05-16
C02735,Customer 02735,Consumer,Negombo,2024-08-17
C02736,Customer 02736,Small Business,Batticaloa,2023-06-23
C02737,Customer 02737,Corporate,Batticaloa,2025-08-10
C02738,Customer 02738,Consumer,Kurunegala,2023-05-16
C02739,Customer 02739,Small Business,Anuradhapura,2024-12-28
C02740,Customer 02740,Corporate,Kandy,2023-05-26
C02741,Customer 02741,Consumer,Galle,2023-11-17
C02742,Customer 02742,Corporate,Kurunegala,2024-05-26
C02743,Customer 02743,Corporate,Negombo,2025-08-06
C02744,Customer 02744,Corporate,Negombo,2025-07-13
C02745,Customer 02745,Corporate,Anuradhapura,2024-06-13
C02746,Customer 02746,Consumer,Kurunegala,2025-07-03
C02747,Customer 02747,Corporate,Galle,2025-01-24
C02748,Customer 02748,Small Business,Batticaloa,2024-07-23
C02749,Customer 02749,Consumer,Galle,2023-02-24
C02750,Customer 02750,Consumer,Galle,2023-02-25
C02751,Customer 02751,Corporate,Negombo,2023-02-06
C02752,Customer 02752,Small Business,Batticaloa,2023-06-17
C02753,Customer 02753,Consumer,Batticaloa,2024-03-22
C02754,Customer 02754,Corporate,Kurunegala,2023-02-11
C02755,Customer 02755,Small Business,Batticaloa,2024-12-27
C02756,Customer 02756,Corporate,Kandy,2024-04-13
C02757,Customer 02757,Small Business,Galle,2025-05-16
C02758,Customer 02758,Corporate,Kandy,2023-05-07
C02759,Customer 02759,Corporate,Galle,2023-07-28
C02760,Customer 02760,Consumer,Negombo,2025-05-04
C02761,Customer 02761,Small Business,Jaffna,2024-07-30
C02762,Customer 02762,Consumer,Galle,2024-08-20
C02763,Customer 02763,Consumer,Jaffna,2024-03-02
C02764,Customer 02764,Corporate,Kandy,2025-02-25
C02765,Customer 02765,Corporate,Colombo,2025-06-27
C02766,Customer 02766,Small Business,Kandy,2023-10-19
C02767,Customer 02767,Corporate,Kandy,2024-02-08
C02768,Customer 02768,Corporate,Galle,2025-05-07
C02769,Customer 02769,Consumer,Batticaloa,2023-01-30
C02770,Customer 02770,Small Business,Batticaloa,2025-04-30
C02771,Customer 02771,Small Business,Negombo,2024-04-09
C02772,Customer 02772,Small Business,Colombo,2024-08-31
C02773,Customer 02773,Consumer,Batticaloa,2023-12-04
C02774,Customer 02774,Small Business,Galle,2023-11-29
C02775,Customer 02775,Consumer,Negombo,2023-08-05
C02776,Customer 02776,Consumer,Kandy,2023-11-27
C02777,Customer 02777,Small Business,Anuradhapura,2024-07-14
C02778,Customer 02778,Corporate,Negombo,2023-04-05
C02779,Customer 02779,Consumer,Anuradhapura,2023-07-02
C02780,Customer 02780,Consumer,Jaffna,2023-04-02
C02781,Customer 02781,Corporate,Anuradhapura,2023-06-16
C02782,Customer 02782,Small Business,Galle,2023-10-19
C02783,Customer 02783,Corporate,Batticaloa,2023-05-04
C02784,Customer 02784,Corporate,Negombo,2025-03-31
C02785,Customer 02785,Small Business,Galle,2025-07-14
C02786,Customer 02786,Small Business,Kandy,2024-01-03
C02787,Customer 02787,Corporate,Jaffna,2025-05-02
C02788,Customer 02788,Corporate,Anuradhapura,2024-05-16
C02789,Customer 02789,Corporate,Anuradhapura,2024-05-02
C02790,Customer 02790,Corporate,Kurunegala,2023-04-03
C02791,Customer 02791,Consumer,Anuradhapura,2024-09-20
C02792,Customer 02792,Corporate,Kandy,2024-10-07
C02793,Customer 02793,Small Business,Kurunegala,2023-02-11
C02794,Customer 02794,Corporate,Jaffna,2025-09-23
C02795,Customer 02795,Small Business,Galle,2024-10-25
C02796,Customer 02796,Corporate,Kandy,2025-08-11
C02797,Customer 02797,Corporate,Anuradhapura,2023-10-25
C02798,Customer 02798,Corporate,Negombo,2023-03-23
C02799,Customer 02799,Consumer,Negombo,2023-06-02
C02800,Customer 02800,Consumer,Anuradhapura,2025-05-11
C02801,Customer 02801,Small Business,Colombo,2023-10-30
C02802,Customer 02802,Consumer,Colombo,2024-07-18
C02803,Customer 02803,Consumer,Anuradhapura,2024-06-09
C02804,Customer 02804,Consumer,Batticaloa,2024-02-27
C02805,Customer 02805,Small Business,Negombo,2024-11-07
C02806,Customer 02806,Corporate,Kandy,2023-12-30
C02807,Customer 02807,Small Business,Colombo,2025-02-26
C02808,Customer 02808,Small Business,Batticaloa,2023-04-27
C02809,Customer 02809,Consumer,Anuradhapura,2023-07-03
C02810,Customer 02810,Consumer,Anuradhapura,2023-02-16
C02811,Customer 02811,Small Business,Negombo,2025-06-16
C02812,Customer 02812,Small Business,Batticaloa,2023-11-18
C02813,Customer 02813,Small Business,Batticaloa,2025-02-14
C02814,Customer 02814,Corporate,Kurunegala,2024-09-30
C02815,Customer 02815,Consumer,Jaffna,2025-09-16
C02816,Customer 02816,Consumer,Negombo,2023-07-09
C02817,Customer 02817,Small Business,Kandy,2025-06-11
C02818,Customer 02818,Small Business,Colombo,2024-03-20
C02819,Customer 02819,Corporate,Kandy,2023-01-06
C02820,Customer 02820,Consumer,Batticaloa,2023-01-14
C02821,Customer 02821,Small Business,Anuradhapura,2024-04-16
C02822,Customer 02822,Small Business,Batticaloa,2025-06-08
C02823,Customer 02823,Small Business,Kurunegala,2023-11-07
C02824,Customer 02824,Small Business,Anuradhapura,2024-12-08
C02825,Customer 02825,Corporate,Kandy,2025-04-03
C02826,Customer 02826,Consumer,Colombo,2023-05-09
C02827,Customer 02827,Consumer,Colombo,2023-07-15
C02828,Customer 02828,Consumer,Colombo,2024-12-13
C02829,Customer 02829,Corporate,Galle,2023-08-03
C02830,Customer 02830,Consumer,Anuradhapura,2024-10-27
C02831,Customer 02831,Small Business,Jaffna,2025-05-12
C02832,Customer 02832,Corporate,Batticaloa,2023-03-30
C02833,Customer 02833,Corporate,Anuradhapura,2023-06-01
C02834,Customer 02834,Consumer,Galle,2023-01-23
C02835,Customer 02835,Consumer,Batticaloa,2025-07-13
C02836,Customer 02836,Corporate,Batticaloa,2025-09-13
C02837,Customer 02837,Corporate,Jaffna,2023-01-21
C02838,Customer 02838,Corporate,Anuradhapura,2023-07-26
C02839,Customer 02839,Corporate,Colombo,2023-02-22
C02840,Customer 02840,Small Business,Anuradhapura,2023-04-16
C02841,Customer 02841,Corporate,Negombo,2024-03-01
C02842,Customer 02842,Corporate,Anuradhapura,2023-02-07
C02843,Customer 02843,Small Business,Batticaloa,2024-05-12
C02844,Customer 02844,Small Business,Colombo,2023-08-26
C02845,Customer 02845,Consumer,Anuradhapura,2024-06-24
C02846,Customer 02846,Corporate,Kandy,2024-08-13
C02847,Customer 02847,Small Business,Anuradhapura,2023-10-02
C02848,Customer 02848,Corporate,Kandy,2025-06-29
C02849,Customer 02849,Small Business,Kurunegala,2024-05-21
C02850,Customer 02850,Small Business,Anuradhapura,2024-04-04
C02851,Customer 02851,Consumer,Negombo,2023-01-22
C02852,Customer 02852,Consumer,Batticaloa,2025-01-13
C02853,Customer 02853,Corporate,Jaffna,2023-12-19
C02854,Customer 02854,Consumer,Kurunegala,2024-06-03
C02855,Customer 02855,Small Business,Batticaloa,2025-08-01
C02856,Customer 02856,Corporate,Anuradhapura,2023-05-15
C02857,Customer 02857,Corporate,Kurunegala,2025-09-09
C02858,Customer 02858,Corporate,Galle,2025-03-26
C02859,Customer 02859,Consumer,Negombo,2024-09-28
C02860,Customer 02860,Small Business,Kandy,2024-12-08
C02861,Customer 02861,Corporate,Galle,2024-11-14
C02862,Customer 02862,Consumer,Galle,2023-06-27
C02863,Customer 02863,Corporate,Kandy,2024-09-12
C02864,Customer 02864,Corporate,Batticaloa,2025-03-23
C02865,Customer 02865,Consumer,Jaffna,2023-11-07
C02866,Customer 02866,Consumer,Colombo,2024-07-24
C02867,Customer 02867,Corporate,Kurunegala,2024-01-03
C02868,Customer 02868,Consumer,Galle,2024-11-24
C02869,Customer 02869,Small Business,Colombo,2025-04-27
C02870,Customer 02870,Consumer,Kurunegala,2025-04-06
C02871,Customer 02871,Consumer,Jaffna,2024-03-16
C02872,Customer 02872,Small Business,Jaffna,2023-05-04
C02873,Customer 02873,Corporate,Kurunegala,2024-05-13
C02874,Customer 02874,Corporate,Colombo,2025-03-14
C02875,Customer 02875,Small Business,Negombo,2025-02-27
C02876,Customer 02876,Consumer,Kandy,2025-07-06
C02877,Customer 02877,Consumer,Batticaloa,2024-12-24
C02878,Customer 02878,Corporate,Kandy,2025-03-29
C02879,Customer 02879,Consumer,Kandy,2025-09-25
C02880,Customer 02880,Small Business,Colombo,2025-04-23
C02881,Customer 02881,Consumer,Galle,2024-06-03
C02882,Customer 02882,Consumer,Jaffna,2024-10-07
C02883,Customer 02883,Corporate,Galle,2025-07-21
C02884,Customer 02884,Corporate,Batticaloa,2025-01-15
C02885,Customer 02885,Small Business,Batticaloa,2025-02-19
C02886,Customer 02886,Consumer,Galle,2025-01-20
C02887,Customer 02887,Corporate,Kurunegala,2024-10-24
C02888,Customer 02888,Consumer,Kandy,2025-04-18
C02889,Customer 02889,Consumer,Batticaloa,2025-05-18
C02890,Customer 02890,Corporate,Colombo,2025-09-19
C02891,Customer 02891,Corporate,Kurunegala,2023-09-09
C02892,Customer 02892,Small Business,Galle,2023-10-21
C02893,Customer 02893,Corporate,Kurunegala,2023-03-29
C02894,Customer 02894,Corporate,Kurunegala,2025-01-02
C02895,Customer 02895,Small Business,Jaffna,2024-10-06
C02896,Customer 02896,Small Business,Anuradhapura,2023-06-05
C02897,Customer 02897,Consumer,Galle,2025-03-17
C02898,Customer 02898,Corporate,Anuradhapura,2025-04-01
C02899,Customer 02899,Corporate,Batticaloa,2025-07-29
C02900,Customer 02900,Small Business,Kurunegala,2025-09-01
C02901,Customer 02901,Consumer,Batticaloa,2025-08-24
C02902,Customer 02902,Consumer,Kandy,2023-05-30
C02903,Customer 02903,Corporate,Kurunegala,2023-03-28
C02904,Customer 02904,Consumer,Anuradhapura,2024-02-16
C02905,Customer 02905,Corporate,Colombo,2023-03-04
C02906,Customer 02906,Small Business,Galle,2024-11-07
C02907,Customer 02907,Small Business,Colombo,2025-07-13
C02908,Customer 02908,Small Business,Negombo,2024-10-08
C02909,Customer 02909,Corporate,Negombo,2024-03-05
C02910,Customer 02910,Small Business,Kurunegala,2025-01-08
C02911,Customer 02911,Corporate,Colombo,2025-07-20
C02912,Customer 02912,Corporate,Galle,2025-04-26
C02913,Customer 02913,Corporate,Batticaloa,2024-12-18
C02914,Customer 02914,Consumer,Batticaloa,2024-10-21
C02915,Customer 02915,Corporate,Anuradhapura,2024-12-15
C02916,Customer 02916,Consumer,Negombo,2025-03-05
C02917,Customer 02917,Consumer,Kurunegala,2023-03-28
C02918,Customer 02918,Small Business,Galle,2024-02-04
C02919,Customer 02919,Small Business,Negombo,2024-06-16
C02920,Customer 02920,Consumer,Negombo,2023-08-07
C02921,Customer 02921,Corporate,Galle,2024-06-17
C02922,Customer 02922,Consumer,Negombo,2023-01-24
C02923,Customer 02923,Corporate,Anuradhapura,2023-09-05
C02924,Customer 02924,Consumer,Colombo,2024-06-01
C02925,Customer 02925,Corporate,Negombo,2025-05-11
C02926,Customer 02926,Small Business,Kurunegala,2024-10-04
C02927,Customer 02927,Consumer,Kandy,2023-05-07
C02928,Customer 02928,Corporate,Colombo,2024-04-04
C02929,Customer 02929,Corporate,Jaffna,2024-04-09
C02930,Customer 02930,Small Business,Jaffna,2025-04-04
C02931,Customer 02931,Corporate,Negombo,2023-12-25
C02932,Customer 02932,Small Business,Galle,2024-11-13
C02933,Customer 02933,Corporate,Jaffna,2025-01-01
C02934,Customer 02934,Corporate,Jaffna,2023-04-18
C02935,Customer 02935,Corporate,Batticaloa,2025-04-22
C02936,Customer 02936,Consumer,Anuradhapura,2023-04-11
C02937,Customer 02937,Corporate,Kandy,2025-04-28
C02938,Customer 02938,Consumer,Anuradhapura,2023-04-05
C02939,Customer 02939,Consumer,Batticaloa,2025-06-28
C02940,Customer 02940,Corporate,Kandy,2023-08-08
C02941,Customer 02941,Small Business,Anuradhapura,2024-01-14
C02942,Customer 02942,Small Business,Anuradhapura,2024-08-25
C02943,Customer 02943,Corporate,Batticaloa,2025-06-11
C02944,Customer 02944,Corporate,Batticaloa,2024-10-13
C02945,Customer 02945,Corporate,Anuradhapura,2024-12-06
C02946,Customer 02946,Consumer,Galle,2025-04-23
C02947,Customer 02947,Consumer,Batticaloa,2024-06-01
C02948,Customer 02948,Corporate,Galle,2024-12-29
C02949,Customer 02949,Small Business,Kandy,2025-09-18
C02950,Customer 02950,Consumer,Batticaloa,2024-12-12
C02951,Customer 02951,Consumer,Galle,2024-04-29
C02952,Customer 02952,Small Business,Kurunegala,2025-08-24
C02953,Customer 02953,Consumer,Anuradhapura,2025-08-01
C02954,Customer 02954,Consumer,Kurunegala,2023-04-23
C02955,Customer 02955,Corporate,Colombo,2024-08-08
C02956,Customer 02956,Consumer,Kandy,2024-06-19
C02957,Customer 02957,Corporate,Kurunegala,2024-01-16
C02958,Customer 02958,Corporate,Batticaloa,2023-11-07
C02959,Customer 02959,Consumer,Galle,2023-01-29
C02960,Customer 02960,Small Business,Anuradhapura,2025-03-13
C02961,Customer 02961,Corporate,Negombo,2023-02-19
C02962,Customer 02962,Consumer,Batticaloa,2023-08-09
C02963,Customer 02963,Consumer,Kurunegala,2023-01-03
C02964,Customer 02964,Consumer,Anuradhapura,2023-03-11
C02965,Customer 02965,Small Business,Negombo,2024-05-07
C02966,Customer 02966,Corporate,Kurunegala,2024-08-02
C02967,Customer 02967,Corporate,Batticaloa,2025-03-11
C02968,Customer 02968,Small Business,Galle,2025-05-04
C02969,Customer 02969,Consumer,Batticaloa,2025-02-19
C02970,Customer 02970,Corporate,Batticaloa,2025-02-18
C02971,Customer 02971,Small Business,Kurunegala,2023-06-02
C02972,Customer 02972,Small Business,Anuradhapura,2023-04-02
C02973,Customer 02973,Consumer,Anuradhapura,2024-02-01
C02974,Customer 02974,Small Business,Colombo,2023-12-14
C02975,Customer 02975,Small Business,Batticaloa,2025-09-08
C02976,Customer 02976,Corporate,Kandy,2025-01-23
C02977,Customer 02977,Consumer,Colombo,2025-06-05
C02978,Customer 02978,Small Business,Negombo,2024-08-08
C02979,Customer 02979,Small Business,Kandy,2024-07-28
C02980,Customer 02980,Small Business,Kandy,2024-10-21
C02981,Customer 02981,Small Business,Colombo,2023-07-17
C02982,Customer 02982,Small Business,Jaffna,2025-09-07
C02983,Customer 02983,Corporate,Colombo,2025-02-07
C02984,Customer 02984,Small Business,Galle,2023-05-04
C02985,Customer 02985,Consumer,Negombo,2025-09-12
C02986,Customer 02986,Consumer,Jaffna,2025-03-16
C02987,Customer 02987,Small Business,Batticaloa,2025-04-29
C02988,Customer 02988,Small Business,Kurunegala,2023-03-28
C02989,Customer 02989,Small Business,Colombo,2024-02-16
C02990,Customer 02990,Consumer,Kurunegala,2024-05-18
C02991,Customer 02991,Consumer,Anuradhapura,2024-03-23
C02992,Customer 02992,Small Business,Kurunegala,2023-01-25
C02993,Customer 02993,Corporate,Kandy,2024-01-27
C02994,Customer 02994,Consumer,Galle,2023-04-28
C02995,Customer 02995,Consumer,Galle,2023-10-20
C02996,Customer 02996,Consumer,Galle,2023-09-19
C02997,Customer 02997,Corporate,Galle,2023-11-11
C02998,Customer 02998,Small Business,Kurunegala,2023-03-02
C02999,Customer 02999,Consumer,Colombo,2023-07-05
C03000,Customer 03000,Corporate,Kandy,2023-11-02
C03001,Customer 03001,Consumer,Anuradhapura,2023-11-24
C03002,Customer 03002,Corporate,Negombo,2025-07-03
C03003,Customer 03003,Consumer,Colombo,2024-01-20
C03004,Customer 03004,Consumer,Jaffna,2023-07-27
C03005,Customer 03005,Small Business,Anuradhapura,2024-05-19
C03006,Customer 03006,Consumer,Negombo,2025-08-30
C03007,Customer 03007,Corporate,Batticaloa,2023-03-04
C03008,Customer 03008,Corporate,Kandy,2024-07-20
C03009,Customer 03009,Consumer,Anuradhapura,2024-05-10
C03010,Customer 03010,Consumer,Colombo,2024-10-10
C03011,Customer 03011,Small Business,Kandy,2023-10-03
C03012,Customer 03012,Small Business,Galle,2023-09-10
C03013,Customer 03013,Small Business,Anuradhapura,2023-11-08
C03014,Customer 03014,Consumer,Jaffna,2024-04-01
C03015,Customer 03015,Consumer,Kurunegala,2025-03-12
C03016,Customer 03016,Consumer,Jaffna,2024-07-07
C03017,Customer 03017,Corporate,Batticaloa,2024-07-04
C03018,Customer 03018,Consumer,Batticaloa,2023-02-12
C03019,Customer 03019,Small Business,Negombo,2025-09-11
C03020,Customer 03020,Consumer,Colombo,2024-10-30
C03021,Customer 03021,Corporate,Negombo,2023-03-03
C03022,Customer 03022,Corporate,Anuradhapura,2024-09-04
C03023,Customer 03023,Small Business,Jaffna,2023-12-26
C03024,Customer 03024,Small Business,Negombo,2024-08-22
C03025,Customer 03025,Consumer,Kandy,2023-02-16
C03026,Customer 03026,Consumer,Anuradhapura,2023-11-04
C03027,Customer 03027,Consumer,Galle,2024-12-16
C03028,Customer 03028,Small Business,Negombo,2025-01-12
C03029,Customer 03029,Corporate,Jaffna,2025-06-18
C03030,Customer 03030,Small Business,Kurunegala,2024-09-17
C03031,Customer 03031,Small Business,Kurunegala,2025-06-24
C03032,Customer 03032,Corporate,Batticaloa,2024-10-12
C03033,Customer 03033,Consumer,Kurunegala,2023-10-07
C03034,Customer 03034,Consumer,Batticaloa,2023-12-16
C03035,Customer 03035,Small Business,Kurunegala,2025-09-09
C03036,Customer 03036,Small Business,Galle,2023-01-17
C03037,Customer 03037,Consumer,Batticaloa,2024-10-23
C03038,Customer 03038,Consumer,Galle,2023-01-05
C03039,Customer 03039,Small Business,Batticaloa,2024-02-28
C03040,Customer 03040,Corporate,Kandy,2025-02-19
C03041,Customer 03041,Small Business,Kandy,2025-03-17
C03042,Customer 03042,Consumer,Batticaloa,2024-07-05
C03043,Customer 03043,Consumer,Kurunegala,2024-11-19
C03044,Customer 03044,Corporate,Kurunegala,2025-09-22
C03045,Customer 03045,Consumer,Colombo,2024-02-01
C03046,Customer 03046,Corporate,Kurunegala,2023-05-08
C03047,Customer 03047,Consumer,Batticaloa,2025-08-16
C03048,Customer 03048,Consumer,Colombo,2023-01-10
C03049,Customer 03049,Corporate,Kurunegala,2025-02-15
C03050,Customer 03050,Consumer,Negombo,2023-07-16
C03051,Customer 03051,Small Business,Jaffna,2025-04-07
C03052,Customer 03052,Corporate,Kurunegala,2023-08-28
C03053,Customer 03053,Corporate,Batticaloa,2023-02-07
C03054,Customer 03054,Small Business,Jaffna,2025-07-15
C03055,Customer 03055,Consumer,Anuradhapura,2023-01-08
C03056,Customer 03056,Corporate,Batticaloa,2023-04-24
C03057,Customer 03057,Small Business,Jaffna,2023-06-24
C03058,Customer 03058,Small Business,Galle,2024-11-06
C03059,Customer 03059,Small Business,Galle,2023-03-08
C03060,Customer 03060,Consumer,Galle,2025-02-02
C03061,Customer 03061,Small Business,Jaffna,2023-09-23
C03062,Customer 03062,Small Business,Negombo,2025-06-21
C03063,Customer 03063,Small Business,Colombo,2023-07-16
C03064,Customer 03064,Small Business,Negombo,2025-09-20
C03065,Customer 03065,Small Business,Batticaloa,2024-11-28
C03066,Customer 03066,Corporate,Colombo,2023-01-03
C03067,Customer 03067,Corporate,Anuradhapura,2025-05-24
C03068,Customer 03068,Corporate,Negombo,2025-05-14
C03069,Customer 03069,Small Business,Batticaloa,2023-05-05
C03070,Customer 03070,Corporate,Colombo,2024-05-22
C03071,Customer 03071,Small Business,Jaffna,2025-06-24
C03072,Customer 03072,Corporate,Anuradhapura,2023-02-18
C03073,Customer 03073,Corporate,Kurunegala,2024-06-29
C03074,Customer 03074,Corporate,Jaffna,2023-01-06
C03075,Customer 03075,Consumer,Colombo,2023-12-09
C03076,Customer 03076,Consumer,Anuradhapura,2025-01-25
C03077,Customer 03077,Consumer,Jaffna,2025-09-07
C03078,Customer 03078,Consumer,Kurunegala,2023-07-21
C03079,Customer 03079,Consumer,Kandy,2023-11-15
C03080,Customer 03080,Corporate,Anuradhapura,2023-01-29
C03081,Customer 03081,Consumer,Kurunegala,2025-04-07
C03082,Customer 03082,Corporate,Jaffna,2025-05-10
C03083,Customer 03083,Corporate,Jaffna,2023-04-21
C03084,Customer 03084,Corporate,Colombo,2025-09-08
C03085,Customer 03085,Corporate,Jaffna,2025-04-21
C03086,Customer 03086,Consumer,Batticaloa,2025-08-24
C03087,Customer 03087,Consumer,Batticaloa,2025-02-21
C03088,Customer 03088,Consumer,Kandy,2024-08-15
C03089,Customer 03089,Consumer,Colombo,2025-09-24
C03090,Customer 03090,Corporate,Kandy,2024-01-22
C03091,Customer 03091,Consumer,Colombo,2025-03-12
C03092,Customer 03092,Corporate,Colombo,2025-07-30
C03093,Customer 03093,Small Business,Anuradhapura,2023-11-05
C03094,Customer 03094,Consumer,Colombo,2023-03-09
C03095,Customer 03095,Consumer,Negombo,2024-07-26
C03096,Customer 03096,Corporate,Anuradhapura,2025-05-20
C03097,Customer 03097,Small Business,Anuradhapura,2023-04-09
C03098,Customer 03098,Small Business,Colombo,2023-08-27
C03099,Customer 03099,Corporate,Batticaloa,2024-04-09
C03100,Customer 03100,Corporate,Kandy,2025-03-25
C03101,Customer 03101,Small Business,Colombo,2023-12-14
C03102,Customer 03102,Small Business,Kurunegala,2024-04-09
C03103,Customer 03103,Consumer,Kandy,2024-08-24
C03104,Customer 03104,Consumer,Kandy,2023-04-16
C03105,Customer 03105,Consumer,Galle,2024-08-30
C03106,Customer 03106,Small Business,Negombo,2024-10-14
C03107,Customer 03107,Corporate,Batticaloa,2023-12-30
C03108,Customer 03108,Small Business,Batticaloa,2025-01-12
C03109,Customer 03109,Consumer,Galle,2023-07-10
C03110,Customer 03110,Consumer,Colombo,2025-03-27
C03111,Customer 03111,Corporate,Anuradhapura,2023-05-11
C03112,Customer 03112,Small Business,Kurunegala,2024-06-09
C03113,Customer 03113,Small Business,Galle,2023-11-15
C03114,Customer 03114,Corporate,Negombo,2023-05-31
C03115,Customer 03115,Corporate,Negombo,2024-09-09
C03116,Customer 03116,Consumer,Galle,2024-01-13
C03117,Customer 03117,Consumer,Colombo,2023-02-28
C03118,Customer 03118,Corporate,Jaffna,2024-03-08
C03119,Customer 03119,Consumer,Jaffna,2025-09-26
C03120,Customer 03120,Consumer,Kurunegala,2025-03-15
C03121,Customer 03121,Small Business,Batticaloa,2023-07-13
C03122,Customer 03122,Small Business,Batticaloa,2024-12-12
C03123,Customer 03123,Small Business,Kurunegala,2024-09-06
C03124,Customer 03124,Small Business,Kurunegala,2025-05-22
C03125,Customer 03125,Corporate,Anuradhapura,2024-09-22
C03126,Customer 03126,Consumer,Kandy,2023-12-03
C03127,Customer 03127,Consumer,Batticaloa,2024-04-10
C03128,Customer 03128,Consumer,Jaffna,2023-08-13
C03129,Customer 03129,Consumer,Batticaloa,2024-12-10
C03130,Customer 03130,Consumer,Jaffna,2024-09-30
C03131,Customer 03131,Small Business,Kurunegala,2024-05-07
C03132,Customer 03132,Small Business,Anuradhapura,2025-04-06
C03133,Customer 03133,Corporate,Galle,2023-07-30
C03134,Customer 03134,Consumer,Kurunegala,2025-04-25
C03135,Customer 03135,Consumer,Kurunegala,2023-01-11
C03136,Customer 03136,Small Business,Kandy,2023-01-31
C03137,Customer 03137,Corporate,Batticaloa,2023-05-26
C03138,Customer 03138,Small Business,Kurunegala,2023-07-19
C03139,Customer 03139,Consumer,Jaffna,2023-02-14
C03140,Customer 03140,Corporate,Galle,2023-07-22
C03141,Customer 03141,Corporate,Galle,2023-08-13
C03142,Customer 03142,Small Business,Jaffna,2023-12-14
C03143,Customer 03143,Consumer,Colombo,2023-07-02
C03144,Customer 03144,Corporate,Kandy,2023-06-30
C03145,Customer 03145,Small Business,Galle,2023-01-22
C03146,Customer 03146,Small Business,Kandy,2024-01-24
C03147,Customer 03147,Consumer,Negombo,2023-12-13
C03148,Customer 03148,Consumer,Kurunegala,2024-04-12
C03149,Customer 03149,Corporate,Galle,2025-04-08
C03150,Customer 03150,Small Business,Anuradhapura,2025-08-21
C03151,Customer 03151,Small Business,Kandy,2025-06-18
C03152,Customer 03152,Consumer,Galle,2023-05-02
C03153,Customer 03153,Consumer,Jaffna,2025-03-24
C03154,Customer 03154,Corporate,Kurunegala,2024-06-29
C03155,Customer 03155,Small Business,Anuradhapura,2023-11-22
C03156,Customer 03156,Small Business,Jaffna,2025-09-27
C03157,Customer 03157,Consumer,Jaffna,2025-08-01
C03158,Customer 03158,Small Business,Negombo,2025-05-24
C03159,Customer 03159,Consumer,Kurunegala,2025-03-19
C03160,Customer 03160,Consumer,Negombo,2023-09-11
C03161,Customer 03161,Consumer,Batticaloa,2025-06-12
C03162,Customer 03162,Small Business,Kandy,2023-08-03
C03163,Customer 03163,Corporate,Kandy,2025-03-14
C03164,Customer 03164,Small Business,Anuradhapura,2023-06-21
C03165,Customer 03165,Small Business,Kurunegala,2025-02-08
C03166,Customer 03166,Small Business,Batticaloa,2024-05-25
C03167,Customer 03167,Corporate,Kurunegala,2023-07-03
C03168,Customer 03168,Small Business,Batticaloa,2024-06-22
C03169,Customer 03169,Corporate,Batticaloa,2025-01-02
C03170,Customer 03170,Small Business,Anuradhapura,2023-10-02
C03171,Customer 03171,Small Business,Colombo,2024-10-15
C03172,Customer 03172,Consumer,Jaffna,2023-08-01
C03173,Customer 03173,Consumer,Anuradhapura,2024-04-07
C03174,Customer 03174,Corporate,Anuradhapura,2023-08-12
C03175,Customer 03175,Corporate,Galle,2025-06-29
C03176,Customer 03176,Corporate,Negombo,2025-08-15
C03177,Customer 03177,Consumer,Galle,2024-07-17
C03178,Customer 03178,Consumer,Negombo,2025-02-08
C03179,Customer 03179,Small Business,Kurunegala,2024-03-31
C03180,Customer 03180,Small Business,Colombo,2023-08-24
C03181,Customer 03181,Small Business,Kurunegala,2024-04-21
C03182,Customer 03182,Corporate,Batticaloa,2024-03-12
C03183,Customer 03183,Corporate,Kurunegala,2024-03-18
C03184,Customer 03184,Corporate,Kurunegala,2025-04-03
C03185,Customer 03185,Corporate,Colombo,2023-10-07
C03186,Customer 03186,Corporate,Jaffna,2023-07-03
C03187,Customer 03187,Small Business,Kandy,2023-09-29
C03188,Customer 03188,Consumer,Negombo,2024-01-03
C03189,Customer 03189,Small Business,Kandy,2025-05-12
C03190,Customer 03190,Corporate,Jaffna,2025-03-15
C03191,Customer 03191,Consumer,Kandy,2023-04-11
C03192,Customer 03192,Consumer,Jaffna,2024-01-04
C03193,Customer 03193,Consumer,Kurunegala,2023-12-08
C03194,Customer 03194,Corporate,Negombo,2023-09-14
C03195,Customer 03195,Small Business,Galle,2023-07-15
C03196,Customer 03196,Small Business,Negombo,2025-05-25
C03197,Customer 03197,Corporate,Negombo,2023-01-09
C03198,Customer 03198,Corporate,Anuradhapura,2025-04-22
C03199,Customer 03199,Corporate,Colombo,2025-08-26
C03200,Customer 03200,Small Business,Galle,2024-04-28
C03201,Customer 03201,Corporate,Jaffna,2025-06-05
C03202,Customer 03202,Small Business,Jaffna,2023-08-21
C03203,Customer 03203,Consumer,Batticaloa,2024-04-30
C03204,Customer 03204,Corporate,Kurunegala,2025-01-09
C03205,Customer 03205,Consumer,Kurunegala,2025-03-21
C03206,Customer 03206,Consumer,Anuradhapura,2025-05-16
C03207,Customer 03207,Small Business,Anuradhapura,2025-02-27
C03208,Customer 03208,Corporate,Batticaloa,2023-08-03
C03209,Customer 03209,Small Business,Colombo,2025-05-23
C03210,Customer 03210,Consumer,Galle,2024-01-19
C03211,Customer 03211,Small Business,Colombo,2023-11-09
C03212,Customer 03212,Small Business,Kurunegala,2024-05-26
C03213,Customer 03213,Consumer,Anuradhapura,2023-12-14
C03214,Customer 03214,Small Business,Anuradhapura,2024-03-11
C03215,Customer 03215,Small Business,Negombo,2025-02-20
C03216,Customer 03216,Small Business,Colombo,2023-11-30
C03217,Customer 03217,Consumer,Galle,2024-08-04
C03218,Customer 03218,Corporate,Anuradhapura,2023-06-07
C03219,Customer 03219,Consumer,Anuradhapura,2024-01-26
C03220,Customer 03220,Small Business,Anuradhapura,2023-03-07
C03221,Customer 03221,Corporate,Kandy,2023-07-12
C03222,Customer 03222,Small Business,Batticaloa,2023-12-03
C03223,Customer 03223,Corporate,Kandy,2024-10-16
C03224,Customer 03224,Consumer,Galle,2023-06-25
C03225,Customer 03225,Small Business,Batticaloa,2023-02-02
C03226,Customer 03226,Consumer,Jaffna,2023-01-28
C03227,Customer 03227,Corporate,Negombo,2023-03-13
C03228,Customer 03228,Consumer,Negombo,2023-07-30
C03229,Customer 03229,Small Business,Kandy,2024-11-06
C03230,Customer 03230,Consumer,Kurunegala,2024-04-10
C03231,Customer 03231,Consumer,Galle,2024-06-14
C03232,Customer 03232,Corporate,Anuradhapura,2023-12-01
C03233,Customer 03233,Consumer,Galle,2023-06-10
C03234,Customer 03234,Corporate,Batticaloa,2024-07-03
C03235,Customer 03235,Consumer,Anuradhapura,2025-01-30
C03236,Customer 03236,Consumer,Galle,2025-09-05
C03237,Customer 03237,Consumer,Negombo,2025-06-10
C03238,Customer 03238,Small Business,Batticaloa,2024-03-18
C03239,Customer 03239,Small Business,Negombo,2023-06-12
C03240,Customer 03240,Consumer,Batticaloa,2024-08-24
C03241,Customer 03241,Consumer,Colombo,2023-10-10
C03242,Customer 03242,Corporate,Kandy,2023-05-27
C03243,Customer 03243,Corporate,Jaffna,2025-04-24
C03244,Customer 03244,Corporate,Batticaloa,2024-06-22
C03245,Customer 03245,Corporate,Colombo,2024-04-16
C03246,Customer 03246,Consumer,Negombo,2025-01-24
C03247,Customer 03247,Corporate,Kurunegala,2024-10-23
C03248,Customer 03248,Small Business,Negombo,2024-12-18
C03249,Customer 03249,Small Business,Galle,2024-02-05
C03250,Customer 03250,Consumer,Galle,2024-03-01
C03251,Customer 03251,Small Business,Anuradhapura,2025-07-10
C03252,Customer 03252,Corporate,Galle,2024-04-13
C03253,Customer 03253,Small Business,Kandy,2024-12-16
C03254,Customer 03254,Small Business,Colombo,2024-02-07
C03255,Customer 03255,Consumer,Negombo,2023-09-03
C03256,Customer 03256,Small Business,Negombo,2025-06-22
C03257,Customer 03257,Consumer,Jaffna,2024-11-13
C03258,Customer 03258,Corporate,Anuradhapura,2025-07-19
C03259,Customer 03259,Small Business,Kandy,2025-02-19
C03260,Customer 03260,Consumer,Kandy,2024-01-13
C03261,Customer 03261,Corporate,Anuradhapura,2024-05-31
C03262,Customer 03262,Consumer,Negombo,2024-04-06
C03263,Customer 03263,Small Business,Colombo,2023-08-01
C03264,Customer 03264,Consumer,Kandy,2024-04-18
C03265,Customer 03265,Small Business,Batticaloa,2024-10-16
C03266,Customer 03266,Corporate,Anuradhapura,2024-01-26
C03267,Customer 03267,Consumer,Anuradhapura,2025-05-26
C03268,Customer 03268,Consumer,Negombo,2023-02-08
C03269,Customer 03269,Small Business,Galle,2023-04-28
C03270,Customer 03270,Small Business,Batticaloa,2023-12-01
C03271,Customer 03271,Corporate,Kandy,2024-05-11
C03272,Customer 03272,Small Business,Jaffna,2023-03-26
C03273,Customer 03273,Corporate,Galle,2024-12-31
C03274,Customer 03274,Corporate,Galle,2024-04-27
C03275,Customer 03275,Consumer,Kandy,2023-06-24
C03276,Customer 03276,Corporate,Kandy,2023-07-01
C03277,Customer 03277,Small Business,Anuradhapura,2024-07-01
C03278,Customer 03278,Consumer,Colombo,2023-06-22
C03279,Customer 03279,Corporate,Galle,2024-11-24
C03280,Customer 03280,Corporate,Galle,2024-03-27
C03281,Customer 03281,Small Business,Colombo,2023-08-10
C03282,Customer 03282,Small Business,Jaffna,2025-07-03
C03283,Customer 03283,Small Business,Colombo,2024-03-28
C03284,Customer 03284,Small Business,Kandy,2025-05-06
C03285,Customer 03285,Small Business,Negombo,2024-02-04
C03286,Customer 03286,Consumer,Colombo,2024-03-30
C03287,Customer 03287,Corporate,Jaffna,2023-02-19
C03288,Customer 03288,Consumer,Kurunegala,2025-08-09
C03289,Customer 03289,Consumer,Jaffna,2025-07-19
C03290,Customer 03290,Consumer,Anuradhapura,2023-04-04
C03291,Customer 03291,Consumer,Kurunegala,2023-01-29
C03292,Customer 03292,Consumer,Kandy,2025-04-20
C03293,Customer 03293,Consumer,Galle,2023-08-14
C03294,Customer 03294,Consumer,Colombo,2025-01-11
C03295,Customer 03295,Small Business,Kandy,2024-03-01
C03296,Customer 03296,Corporate,Kurunegala,2025-04-15
C03297,Customer 03297,Small Business,Jaffna,2024-07-29
C03298,Customer 03298,Consumer,Anuradhapura,2024-10-01
C03299,Customer 03299,Corporate,Kandy,2025-08-19
C03300,Customer 03300,Consumer,Kandy,2023-08-26
C03301,Customer 03301,Corporate,Galle,2024-01-01
C03302,Customer 03302,Corporate,Kurunegala,2023-01-16
C03303,Customer 03303,Corporate,Jaffna,2023-01-13
C03304,Customer 03304,Consumer,Kandy,2024-04-14
C03305,Customer 03305,Corporate,Kurunegala,2024-11-04
C03306,Customer 03306,Consumer,Jaffna,2023-02-14
C03307,Customer 03307,Corporate,Batticaloa,2024-02-25
C03308,Customer 03308,Small Business,Galle,2023-04-15
C03309,Customer 03309,Consumer,Kurunegala,2023-09-15
C03310,Customer 03310,Small Business,Anuradhapura,2024-10-08
C03311,Customer 03311,Small Business,Galle,2024-11-25
C03312,Customer 03312,Consumer,Kurunegala,2023-12-07
C03313,Customer 03313,Small Business,Batticaloa,2025-05-21
C03314,Customer 03314,Corporate,Colombo,2023-03-11
C03315,Customer 03315,Small Business,Batticaloa,2024-09-15
C03316,Customer 03316,Small Business,Jaffna,2024-01-27
C03317,Customer 03317,Small Business,Colombo,2024-05-30
C03318,Customer 03318,Consumer,Kandy,2023-08-27
C03319,Customer 03319,Consumer,Anuradhapura,2023-11-13
C03320,Customer 03320,Consumer,Kandy,2025-02-14
C03321,Customer 03321,Consumer,Kurunegala,2023-03-03
C03322,Customer 03322,Corporate,Jaffna,2024-05-25
C03323,Customer 03323,Corporate,Jaffna,2023-06-05
C03324,Customer 03324,Consumer,Jaffna,2024-10-19
C03325,Customer 03325,Small Business,Batticaloa,2025-08-03
C03326,Customer 03326,Corporate,Galle,2025-01-26
C03327,Customer 03327,Corporate,Colombo,2023-10-12
C03328,Customer 03328,Corporate,Negombo,2024-06-17
C03329,Customer 03329,Consumer,Jaffna,2025-02-07
C03330,Customer 03330,Small Business,Kurunegala,2025-05-17
C03331,Customer 03331,Consumer,Jaffna,2023-12-17
C03332,Customer 03332,Consumer,Jaffna,2024-07-06
C03333,Customer 03333,Small Business,Jaffna,2025-03-31
C03334,Customer 03334,Corporate,Kurunegala,2024-09-14
C03335,Customer 03335,Corporate,Colombo,2023-07-07
C03336,Customer 03336,Corporate,Kandy,2023-03-08
C03337,Customer 03337,Consumer,Colombo,2025-09-03
C03338,Customer 03338,Consumer,Jaffna,2024-10-11
C03339,Customer 03339,Consumer,Galle,2023-05-09
C03340,Customer 03340,Small Business,Jaffna,2024-08-29
C03341,Customer 03341,Small Business,Kandy,2023-08-30
C03342,Customer 03342,Small Business,Batticaloa,2024-03-12
C03343,Customer 03343,Consumer,Jaffna,2023-11-15
C03344,Customer 03344,Corporate,Galle,2023-09-08
C03345,Customer 03345,Consumer,Negombo,2024-09-12
C03346,Customer 03346,Small Business,Batticaloa,2023-10-20
C03347,Customer 03347,Small Business,Jaffna,2025-09-17
C03348,Customer 03348,Corporate,Kandy,2023-10-06
C03349,Customer 03349,Corporate,Anuradhapura,2025-08-31
C03350,Customer 03350,Consumer,Batticaloa,2024-01-22
C03351,Customer 03351,Corporate,Anuradhapura,2024-03-27
C03352,Customer 03352,Consumer,Batticaloa,2025-02-17
C03353,Customer 03353,Corporate,Anuradhapura,2023-01-21
C03354,Customer 03354,Consumer,Negombo,2025-05-24
C03355,Customer 03355,Small Business,Galle,2024-09-01
C03356,Customer 03356,Small Business,Galle,2024-07-20
C03357,Customer 03357,Corporate,Batticaloa,2023-09-21
C03358,Customer 03358,Corporate,Negombo,2023-11-10
C03359,Customer 03359,Small Business,Batticaloa,2024-01-20
C03360,Customer 03360,Corporate,Galle,2023-03-15
C03361,Customer 03361,Corporate,Jaffna,2025-01-02
C03362,Customer 03362,Consumer,Colombo,2023-06-08
C03363,Customer 03363,Small Business,Kurunegala,2023-01-14
C03364,Customer 03364,Corporate,Anuradhapura,2024-05-18
C03365,Customer 03365,Corporate,Kurunegala,2025-08-20
C03366,Customer 03366,Corporate,Negombo,2024-01-29
C03367,Customer 03367,Small Business,Kandy,2024-10-18
C03368,Customer 03368,Consumer,Kandy,2024-02-23
C03369,Customer 03369,Small Business,Galle,2024-01-30
C03370,Customer 03370,Corporate,Negombo,2023-07-18
C03371,Customer 03371,Small Business,Kurunegala,2025-02-28
C03372,Customer 03372,Small Business,Batticaloa,2024-06-05
C03373,Customer 03373,Small Business,Kurunegala,2024-10-12
C03374,Customer 03374,Consumer,Anuradhapura,2024-12-14
C03375,Customer 03375,Corporate,Jaffna,2025-08-06
C03376,Customer 03376,Corporate,Colombo,2023-09-06
C03377,Customer 03377,Corporate,Colombo,2025-08-01
C03378,Customer 03378,Small Business,Galle,2024-12-15
C03379,Customer 03379,Small Business,Batticaloa,2023-09-25
C03380,Customer 03380,Small Business,Galle,2025-08-24
C03381,Customer 03381,Consumer,Galle,2023-09-18
C03382,Customer 03382,Consumer,Kandy,2023-01-13
C03383,Customer 03383,Small Business,Anuradhapura,2024-10-21
C03384,Customer 03384,Small Business,Kandy,2024-02-12
C03385,Customer 03385,Consumer,Anuradhapura,2024-06-14
C03386,Customer 03386,Corporate,Negombo,2023-06-19
C03387,Customer 03387,Corporate,Anuradhapura,2024-12-09
C03388,Customer 03388,Corporate,Anuradhapura,2024-08-23
C03389,Customer 03389,Small Business,Kandy,2025-02-09
C03390,Customer 03390,Small Business,Kurunegala,2023-04-22
C03391,Customer 03391,Consumer,Negombo,2025-04-13
C03392,Customer 03392,Consumer,Anuradhapura,2025-02-05
C03393,Customer 03393,Corporate,Colombo,2024-12-16
C03394,Customer 03394,Corporate,Colombo,2023-06-22
C03395,Customer 03395,Consumer,Anuradhapura,2023-04-10
C03396,Customer 03396,Corporate,Negombo,2024-06-21
C03397,Customer 03397,Corporate,Galle,2025-01-20
C03398,Customer 03398,Corporate,Galle,2023-06-30
C03399,Customer 03399,Consumer,Jaffna,2024-12-21
C03400,Customer 03400,Consumer,Kandy,2024-05-13
C03401,Customer 03401,Small Business,Jaffna,2024-04-06
C03402,Customer 03402,Consumer,Colombo,2023-07-10
C03403,Customer 03403,Consumer,Jaffna,2025-02-06
C03404,Customer 03404,Corporate,Batticaloa,2023-09-23
C03405,Customer 03405,Small Business,Kandy,2024-10-03
C03406,Customer 03406,Small Business,Galle,2025-06-08
C03407,Customer 03407,Corporate,Kandy,2023-03-23
C03408,Customer 03408,Consumer,Negombo,2024-01-22
C03409,Customer 03409,Corporate,Colombo,2023-03-07
C03410,Customer 03410,Consumer,Batticaloa,2024-08-22
C03411,Customer 03411,Small Business,Kandy,2024-05-11
C03412,Customer 03412,Consumer,Negombo,2023-01-10
C03413,Customer 03413,Consumer,Colombo,2025-02-08
C03414,Customer 03414,Consumer,Colombo,2023-04-10
C03415,Customer 03415,Small Business,Negombo,2024-01-20
C03416,Customer 03416,Corporate,Batticaloa,2025-08-12
C03417,Customer 03417,Corporate,Anuradhapura,2025-02-14
C03418,Customer 03418,Corporate,Kurunegala,2023-12-11
C03419,Customer 03419,Consumer,Kurunegala,2023-11-19
C03420,Customer 03420,Corporate,Anuradhapura,2024-11-12
C03421,Customer 03421,Consumer,Kurunegala,2024-09-17
C03422,Customer 03422,Corporate,Kandy,2025-06-13
C03423,Customer 03423,Corporate,Anuradhapura,2023-01-04
C03424,Customer 03424,Consumer,Colombo,2025-01-12
C03425,Customer 03425,Consumer,Negombo,2024-09-08
C03426,Customer 03426,Small Business,Jaffna,2025-08-31
C03427,Customer 03427,Corporate,Batticaloa,2024-01-13
C03428,Customer 03428,Corporate,Jaffna,2024-06-11
C03429,Customer 03429,Small Business,Kurunegala,2023-01-04
C03430,Customer 03430,Small Business,Kurunegala,2023-01-18
C03431,Customer 03431,Consumer,Kurunegala,2025-06-13
C03432,Customer 03432,Corporate,Jaffna,2024-11-25
C03433,Customer 03433,Corporate,Anuradhapura,2024-09-13
C03434,Customer 03434,Small Business,Kandy,2025-01-26
C03435,Customer 03435,Corporate,Batticaloa,2023-12-23
C03436,Customer 03436,Small Business,Kandy,2024-11-05
C03437,Customer 03437,Corporate,Negombo,2025-01-21
C03438,Customer 03438,Consumer,Galle,2024-09-13
C03439,Customer 03439,Small Business,Colombo,2025-06-09
C03440,Customer 03440,Corporate,Kandy,2023-05-11
C03441,Customer 03441,Small Business,Batticaloa,2023-11-05
C03442,Customer 03442,Corporate,Kandy,2023-06-22
C03443,Customer 03443,Small Business,Jaffna,2024-05-08
C03444,Customer 03444,Consumer,Galle,2023-09-07
C03445,Customer 03445,Small Business,Kandy,2025-02-10
C03446,Customer 03446,Corporate,Colombo,2023-04-19
C03447,Customer 03447,Corporate,Anuradhapura,2023-06-14
C03448,Customer 03448,Corporate,Jaffna,2025-02-23
C03449,Customer 03449,Corporate,Batticaloa,2025-01-06
C03450,Customer 03450,Small Business,Kandy,2025-09-01
C03451,Customer 03451,Consumer,Batticaloa,2024-11-12
C03452,Customer 03452,Small Business,Kurunegala,2023-04-03
C03453,Customer 03453,Consumer,Kandy,2025-06-11
C03454,Customer 03454,Corporate,Anuradhapura,2024-10-21
C03455,Customer 03455,Small Business,Anuradhapura,2025-07-21
C03456,Customer 03456,Small Business,Anuradhapura,2024-10-31
C03457,Customer 03457,Consumer,Jaffna,2025-04-07
C03458,Customer 03458,Consumer,Negombo,2023-09-23
C03459,Customer 03459,Consumer,Kandy,2023-03-31
C03460,Customer 03460,Small Business,Jaffna,2023-12-15
C03461,Customer 03461,Consumer,Kurunegala,2025-02-01
C03462,Customer 03462,Corporate,Anuradhapura,2023-05-11
C03463,Customer 03463,Small Business,Colombo,2024-08-13
C03464,Customer 03464,Consumer,Jaffna,2023-11-15
C03465,Customer 03465,Corporate,Anuradhapura,2025-05-17
C03466,Customer 03466,Corporate,Galle,2023-11-24
C03467,Customer 03467,Small Business,Jaffna,2024-06-16
C03468,Customer 03468,Corporate,Colombo,2023-04-20
C03469,Customer 03469,Corporate,Kurunegala,2024-07-05
C03470,Customer 03470,Corporate,Jaffna,2023-05-29
C03471,Customer 03471,Small Business,Batticaloa,2024-05-26
C03472,Customer 03472,Small Business,Negombo,2023-05-31
C03473,Customer 03473,Small Business,Colombo,2023-05-30
C03474,Customer 03474,Corporate,Negombo,2024-09-05
C03475,Customer 03475,Small Business,Kandy,2024-05-29
C03476,Customer 03476,Small Business,Batticaloa,2023-10-08
C03477,Customer 03477,Consumer,Batticaloa,2024-10-08
C03478,Customer 03478,Small Business,Anuradhapura,2023-10-26
C03479,Customer 03479,Corporate,Galle,2023-03-02
C03480,Customer 03480,Small Business,Jaffna,2025-04-27
C03481,Customer 03481,Small Business,Jaffna,2025-05-18
C03482,Customer 03482,Small Business,Colombo,2024-12-18
C03483,Customer 03483,Consumer,Batticaloa,2025-08-03
C03484,Customer 03484,Corporate,Negombo,2025-01-14
C03485,Customer 03485,Small Business,Galle,2025-04-14
C03486,Customer 03486,Small Business,Anuradhapura,2023-01-23
C03487,Customer 03487,Corporate,Batticaloa,2023-12-12
C03488,Customer 03488,Corporate,Anuradhapura,2023-12-23
C03489,Customer 03489,Small Business,Negombo,2023-03-15
C03490,Customer 03490,Small Business,Jaffna,2023-10-17
C03491,Customer 03491,Small Business,Anuradhapura,2024-12-18
C03492,Customer 03492,Consumer,Kurunegala,2023-04-10
C03493,Customer 03493,Small Business,Colombo,2025-02-09
C03494,Customer 03494,Small Business,Negombo,2025-05-20
C03495,Customer 03495,Small Business,Galle,2024-04-13
C03496,Customer 03496,Consumer,Batticaloa,2024-08-14
C03497,Customer 03497,Corporate,Negombo,2024-12-13
C03498,Customer 03498,Consumer,Jaffna,2025-07-07
C03499,Customer 03499,Small Business,Jaffna,2023-08-12
C03500,Customer 03500,Small Business,Colombo,2025-01-22
C03501,Customer 03501,Small Business,Kandy,2024-01-06
C03502,Customer 03502,Consumer,Anuradhapura,2024-11-25
C03503,Customer 03503,Corporate,Galle,2025-08-31
C03504,Customer 03504,Consumer,Kandy,2025-08-06
C03505,Customer 03505,Corporate,Galle,2023-12-31
C03506,Customer 03506,Consumer,Kandy,2025-08-25
C03507,Customer 03507,Small Business,Kurunegala,2024-06-11
C03508,Customer 03508,Corporate,Galle,2024-08-30
C03509,Customer 03509,Small Business,Anuradhapura,2024-10-04
C03510,Customer 03510,Consumer,Kandy,2023-09-08
C03511,Customer 03511,Corporate,Batticaloa,2023-09-04
C03512,Customer 03512,Small Business,Galle,2023-11-06
C03513,Customer 03513,Small Business,Anuradhapura,2024-10-30
C03514,Customer 03514,Small Business,Kandy,2025-03-05
C03515,Customer 03515,Corporate,Anuradhapura,2025-03-07
C03516,Customer 03516,Small Business,Batticaloa,2023-10-09
C03517,Customer 03517,Consumer,Kandy,2024-01-12
C03518,Customer 03518,Consumer,Kandy,2023-04-30
C03519,Customer 03519,Small Business,Jaffna,2024-05-15
C03520,Customer 03520,Small Business,Batticaloa,2023-01-24
C03521,Customer 03521,Small Business,Kandy,2023-10-08
C03522,Customer 03522,Small Business,Galle,2025-03-24
C03523,Customer 03523,Corporate,Anuradhapura,2024-01-29
C03524,Customer 03524,Small Business,Galle,2023-11-02
C03525,Customer 03525,Corporate,Kandy,2023-04-12
C03526,Customer 03526,Small Business,Galle,2024-12-31
C03527,Customer 03527,Small Business,Colombo,2024-02-20
C03528,Customer 03528,Small Business,Batticaloa,2024-02-08
C03529,Customer 03529,Small Business,Kandy,2023-03-07
C03530,Customer 03530,Consumer,Kandy,2025-02-10
C03531,Customer 03531,Small Business,Galle,2023-07-05
C03532,Customer 03532,Small Business,Batticaloa,2023-01-06
C03533,Customer 03533,Corporate,Kandy,2025-03-30
C03534,Customer 03534,Consumer,Jaffna,2023-02-10
C03535,Customer 03535,Consumer,Kandy,2024-10-30
C03536,Customer 03536,Corporate,Colombo,2024-07-29
C03537,Customer 03537,Consumer,Negombo,2023-03-28
C03538,Customer 03538,Small Business,Galle,2024-01-08
C03539,Customer 03539,Small Business,Colombo,2024-03-09
C03540,Customer 03540,Corporate,Colombo,2023-09-12
C03541,Customer 03541,Small Business,Negombo,2025-08-26
C03542,Customer 03542,Small Business,Batticaloa,2024-11-05
C03543,Customer 03543,Small Business,Batticaloa,2023-05-24
C03544,Customer 03544,Corporate,Kurunegala,2024-12-12
C03545,Customer 03545,Small Business,Jaffna,2024-09-12
C03546,Customer 03546,Consumer,Colombo,2024-12-05
C03547,Customer 03547,Consumer,Jaffna,2023-08-31
C03548,Customer 03548,Corporate,Jaffna,2023-05-26
C03549,Customer 03549,Consumer,Jaffna,2025-09-07
C03550,Customer 03550,Corporate,Negombo,2024-08-28
C03551,Customer 03551,Small Business,Anuradhapura,2023-05-12
C03552,Customer 03552,Small Business,Negombo,2023-03-18
C03553,Customer 03553,Corporate,Galle,2023-09-24
C03554,Customer 03554,Corporate,Kandy,2024-02-14
C03555,Customer 03555,Corporate,Anuradhapura,2025-08-25
C03556,Customer 03556,Small Business,Galle,2025-08-20
C03557,Customer 03557,Consumer,Kandy,2024-07-02
C03558,Customer 03558,Small Business,Negombo,2024-10-06
C03559,Customer 03559,Small Business,Jaffna,2024-10-10
C03560,Customer 03560,Corporate,Galle,2025-01-01
C03561,Customer 03561,Consumer,Kurunegala,2024-03-05
C03562,Customer 03562,Corporate,Anuradhapura,2025-03-17
C03563,Customer 03563,Small Business,Jaffna,2023-01-27
C03564,Customer 03564,Corporate,Kandy,2023-03-21
C03565,Customer 03565,Consumer,Anuradhapura,2024-06-28
C03566,Customer 03566,Corporate,Kandy,2023-03-09
C03567,Customer 03567,Corporate,Negombo,2024-01-07
C03568,Customer 03568,Consumer,Negombo,2023-05-30
C03569,Customer 03569,Consumer,Anuradhapura,2023-01-11
C03570,Customer 03570,Consumer,Anuradhapura,2025-09-19
C03571,Customer 03571,Consumer,Kandy,2025-09-01
C03572,Customer 03572,Small Business,Negombo,2023-06-29
C03573,Customer 03573,Corporate,Kandy,2024-08-25
C03574,Customer 03574,Corporate,Negombo,2024-06-25
C03575,Customer 03575,Corporate,Kandy,2024-07-18
C03576,Customer 03576,Consumer,Galle,2025-07-07
C03577,Customer 03577,Corporate,Galle,2023-11-22
C03578,Customer 03578,Small Business,Anuradhapura,2023-12-20
C03579,Customer 03579,Small Business,Galle,2024-05-03
C03580,Customer 03580,Consumer,Galle,2023-09-23
C03581,Customer 03581,Consumer,Galle,2024-11-04
C03582,Customer 03582,Small Business,Negombo,2024-01-23
C03583,Customer 03583,Small Business,Kurunegala,2023-02-24
C03584,Customer 03584,Consumer,Anuradhapura,2024-12-25
C03585,Customer 03585,Corporate,Galle,2024-12-24
C03586,Customer 03586,Corporate,Batticaloa,2024-03-25
C03587,Customer 03587,Corporate,Negombo,2024-05-29
C03588,Customer 03588,Corporate,Jaffna,2025-09-02
C03589,Customer 03589,Small Business,Kandy,2023-11-09
C03590,Customer 03590,Corporate,Anuradhapura,2025-08-28
C03591,Customer 03591,Corporate,Kandy,2025-02-28
C03592,Customer 03592,Consumer,Kandy,2024-10-11
C03593,Customer 03593,Consumer,Kandy,2025-01-17
C03594,Customer 03594,Small Business,Colombo,2023-06-19
C03595,Customer 03595,Small Business,Negombo,2023-03-28
C03596,Customer 03596,Corporate,Colombo,2024-07-21
C03597,Customer 03597,Corporate,Galle,2025-09-12
C03598,Customer 03598,Corporate,Kandy,2024-05-06
C03599,Customer 03599,Consumer,Jaffna,2024-02-20
C03600,Customer 03600,Small Business,Colombo,2025-07-21
C03601,Customer 03601,Corporate,Kurunegala,2025-01-01
C03602,Customer 03602,Small Business,Colombo,2023-09-08
C03603,Customer 03603,Corporate,Galle,2024-09-13
C03604,Customer 03604,Small Business,Jaffna,2024-11-21
C03605,Customer 03605,Consumer,Kurunegala,2023-06-29
C03606,Customer 03606,Consumer,Kurunegala,2025-05-09
C03607,Customer 03607,Consumer,Anuradhapura,2025-09-02
C03608,Customer 03608,Corporate,Galle,2024-05-22
C03609,Customer 03609,Consumer,Kurunegala,2024-01-18
C03610,Customer 03610,Small Business,Jaffna,2025-07-24
C03611,Customer 03611,Small Business,Kandy,2025-05-01
C03612,Customer 03612,Corporate,Batticaloa,2023-10-25
C03613,Customer 03613,Corporate,Jaffna,2023-10-28
C03614,Customer 03614,Small Business,Anuradhapura,2023-01-03
C03615,Customer 03615,Corporate,Colombo,2023-08-11
C03616,Customer 03616,Corporate,Batticaloa,2025-08-15
C03617,Customer 03617,Corporate,Colombo,2023-02-28
C03618,Customer 03618,Corporate,Kurunegala,2024-09-22
C03619,Customer 03619,Corporate,Kandy,2023-11-02
C03620,Customer 03620,Corporate,Galle,2023-01-06
C03621,Customer 03621,Corporate,Colombo,2024-02-16
C03622,Customer 03622,Corporate,Batticaloa,2023-04-14
C03623,Customer 03623,Consumer,Galle,2023-07-22
C03624,Customer 03624,Consumer,Batticaloa,2024-02-25
C03625,Customer 03625,Consumer,Negombo,2023-01-08
C03626,Customer 03626,Corporate,Anuradhapura,2023-08-20
C03627,Customer 03627,Corporate,Kurunegala,2024-01-19
C03628,Customer 03628,Consumer,Negombo,2024-03-14
C03629,Customer 03629,Corporate,Batticaloa,2023-04-22
C03630,Customer 03630,Consumer,Kurunegala,2023-06-15
C03631,Customer 03631,Corporate,Colombo,2025-02-04
C03632,Customer 03632,Small Business,Jaffna,2024-01-03
C03633,Customer 03633,Consumer,Negombo,2023-04-24
C03634,Customer 03634,Consumer,Anuradhapura,2023-02-11
C03635,Customer 03635,Small Business,Kurunegala,2024-03-07
C03636,Customer 03636,Consumer,Galle,2025-07-11
C03637,Customer 03637,Consumer,Batticaloa,2024-11-13
C03638,Customer 03638,Small Business,Negombo,2025-09-09
C03639,Customer 03639,Corporate,Batticaloa,2023-05-02
C03640,Customer 03640,Corporate,Galle,2024-07-17
C03641,Customer 03641,Corporate,Anuradhapura,2023-11-29
C03642,Customer 03642,Consumer,Kandy,2023-05-15
C03643,Customer 03643,Consumer,Galle,2025-03-22
C03644,Customer 03644,Corporate,Colombo,2023-06-09
C03645,Customer 03645,Small Business,Jaffna,2025-02-24
C03646,Customer 03646,Small Business,Kurunegala,2023-02-23
C03647,Customer 03647,Small Business,Colombo,2024-03-15
C03648,Customer 03648,Corporate,Negombo,2024-03-20
C03649,Customer 03649,Corporate,Kandy,2023-10-16
C03650,Customer 03650,Corporate,Jaffna,2025-02-18
C03651,Customer 03651,Consumer,Galle,2024-09-24
C03652,Customer 03652,Corporate,Kandy,2023-09-13
C03653,Customer 03653,Corporate,Jaffna,2025-06-03
C03654,Customer 03654,Corporate,Jaffna,2024-11-13
C03655,Customer 03655,Small Business,Kandy,2024-04-30
C03656,Customer 03656,Small Business,Galle,2024-12-18
C03657,Customer 03657,Small Business,Galle,2023-07-13
C03658,Customer 03658,Consumer,Galle,2023-08-23
C03659,Customer 03659,Consumer,Negombo,2024-02-15
C03660,Customer 03660,Consumer,Anuradhapura,2023-07-16
C03661,Customer 03661,Small Business,Jaffna,2023-01-19
C03662,Customer 03662,Consumer,Anuradhapura,2023-04-04
C03663,Customer 03663,Small Business,Negombo,2024-02-22
C03664,Customer 03664,Small Business,Jaffna,2024-12-17
C03665,Customer 03665,Corporate,Anuradhapura,2023-08-16
C03666,Customer 03666,Consumer,Anuradhapura,2024-05-05
C03667,Customer 03667,Consumer,Negombo,2024-10-21
C03668,Customer 03668,Corporate,Kurunegala,2023-04-23
C03669,Customer 03669,Corporate,Anuradhapura,2023-10-15
C03670,Customer 03670,Corporate,Colombo,2023-09-10
C03671,Customer 03671,Consumer,Colombo,2023-07-06
C03672,Customer 03672,Small Business,Kurunegala,2023-02-23
C03673,Customer 03673,Corporate,Batticaloa,2023-08-06
C03674,Customer 03674,Small Business,Kandy,2023-10-14
C03675,Customer 03675,Consumer,Negombo,2024-03-17
C03676,Customer 03676,Corporate,Kurunegala,2025-08-29
C03677,Customer 03677,Corporate,Kandy,2023-12-09
C03678,Customer 03678,Small Business,Colombo,2023-04-10
C03679,Customer 03679,Small Business,Galle,2024-11-30
C03680,Customer 03680,Corporate,Kurunegala,2023-12-06
C03681,Customer 03681,Small Business,Kurunegala,2025-01-30
C03682,Customer 03682,Small Business,Negombo,2023-09-01
C03683,Customer 03683,Small Business,Anuradhapura,2023-08-04
C03684,Customer 03684,Consumer,Galle,2023-03-31
C03685,Customer 03685,Small Business,Kandy,2024-10-06
C03686,Customer 03686,Small Business,Jaffna,2023-02-12
C03687,Customer 03687,Small Business,Batticaloa,2023-07-17
C03688,Customer 03688,Consumer,Kandy,2025-08-05
C03689,Customer 03689,Small Business,Kurunegala,2025-08-22
C03690,Customer 03690,Small Business,Batticaloa,2023-11-05
C03691,Customer 03691,Consumer,Galle,2025-02-18
C03692,Customer 03692,Consumer,Jaffna,2023-02-14
C03693,Customer 03693,Small Business,Negombo,2024-03-04
C03694,Customer 03694,Small Business,Kurunegala,2025-07-01
C03695,Customer 03695,Corporate,Batticaloa,2025-07-05
C03696,Customer 03696,Small Business,Kandy,2024-10-06
C03697,Customer 03697,Corporate,Kandy,2025-07-21
C03698,Customer 03698,Corporate,Colombo,2024-05-09
C03699,Customer 03699,Small Business,Negombo,2023-06-20
C03700,Customer 03700,Consumer,Negombo,2024-12-14
C03701,Customer 03701,Small Business,Colombo,2023-02-16
C03702,Customer 03702,Small Business,Jaffna,2025-03-24
C03703,Customer 03703,Corporate,Batticaloa,2025-01-28
C03704,Customer 03704,Small Business,Kandy,2024-12-02
C03705,Customer 03705,Corporate,Anuradhapura,2023-06-19
C03706,Customer 03706,Corporate,Anuradhapura,2024-07-29
C03707,Customer 03707,Corporate,Jaffna,2024-09-13
C03708,Customer 03708,Consumer,Galle,2023-07-08
C03709,Customer 03709,Consumer,Colombo,2024-08-08
C03710,Customer 03710,Small Business,Batticaloa,2025-06-19
C03711,Customer 03711,Small Business,Negombo,2024-05-30
C03712,Customer 03712,Consumer,Negombo,2023-11-07
C03713,Customer 03713,Corporate,Kandy,2024-12-26
C03714,Customer 03714,Consumer,Colombo,2023-06-25
C03715,Customer 03715,Consumer,Negombo,2024-06-30
C03716,Customer 03716,Small Business,Galle,2023-02-10
C03717,Customer 03717,Corporate,Galle,2025-08-22
C03718,Customer 03718,Consumer,Jaffna,2023-10-04
C03719,Customer 03719,Consumer,Kandy,2025-04-23
C03720,Customer 03720,Small Business,Kurunegala,2023-01-02
C03721,Customer 03721,Small Business,Kurunegala,2024-10-09
C03722,Customer 03722,Consumer,Negombo,2023-11-29
C03723,Customer 03723,Consumer,Anuradhapura,2025-01-09
C03724,Customer 03724,Small Business,Negombo,2025-07-08
C03725,Customer 03725,Consumer,Colombo,2023-11-29
C03726,Customer 03726,Corporate,Jaffna,2025-04-23
C03727,Customer 03727,Corporate,Galle,2025-01-18
C03728,Customer 03728,Consumer,Kandy,2023-09-20
C03729,Customer 03729,Small Business,Anuradhapura,2025-01-09
C03730,Customer 03730,Small Business,Negombo,2025-08-26
C03731,Customer 03731,Small Business,Jaffna,2025-06-09
C03732,Customer 03732,Corporate,Jaffna,2025-04-16
C03733,Customer 03733,Corporate,Jaffna,2023-11-29
C03734,Customer 03734,Small Business,Anuradhapura,2024-08-18
C03735,Customer 03735,Corporate,Jaffna,2023-06-09
C03736,Customer 03736,Small Business,Anuradhapura,2025-01-17
C03737,Customer 03737,Consumer,Batticaloa,2024-01-13
C03738,Customer 03738,Corporate,Galle,2023-04-06
C03739,Customer 03739,Consumer,Galle,2024-04-15
C03740,Customer 03740,Small Business,Batticaloa,2023-07-13
C03741,Customer 03741,Small Business,Galle,2025-08-23
C03742,Customer 03742,Corporate,Colombo,2024-10-25
C03743,Customer 03743,Consumer,Galle,2023-11-14
C03744,Customer 03744,Corporate,Jaffna,2025-04-17
C03745,Customer 03745,Consumer,Kandy,2023-03-13
C03746,Customer 03746,Consumer,Batticaloa,2024-03-12
C03747,Customer 03747,Small Business,Anuradhapura,2025-07-19
C03748,Customer 03748,Small Business,Galle,2023-04-13
C03749,Customer 03749,Consumer,Kandy,2025-01-14
C03750,Customer 03750,Corporate,Colombo,2024-01-22
C03751,Customer 03751,Consumer,Colombo,2023-04-23
C03752,Customer 03752,Consumer,Kandy,2023-05-16
C03753,Customer 03753,Consumer,Colombo,2023-10-02
C03754,Customer 03754,Consumer,Kandy,2025-03-22
C03755,Customer 03755,Small Business,Kurunegala,2024-07-09
C03756,Customer 03756,Small Business,Kandy,2025-05-23
C03757,Customer 03757,Consumer,Batticaloa,2023-07-27
C03758,Customer 03758,Small Business,Batticaloa,2025-02-16
C03759,Customer 03759,Consumer,Negombo,2025-04-15
C03760,Customer 03760,Corporate,Galle,2023-12-06
C03761,Customer 03761,Consumer,Negombo,2023-09-07
C03762,Customer 03762,Small Business,Kandy,2024-10-04
C03763,Customer 03763,Consumer,Kandy,2023-01-22
C03764,Customer 03764,Corporate,Kandy,2024-07-11
C03765,Customer 03765,Corporate,Galle,2024-06-07
C03766,Customer 03766,Consumer,Colombo,2023-01-02
C03767,Customer 03767,Corporate,Anuradhapura,2023-08-21
C03768,Customer 03768,Corporate,Negombo,2023-05-31
C03769,Customer 03769,Small Business,Anuradhapura,2023-08-20
C03770,Customer 03770,Small Business,Kandy,2024-12-04
C03771,Customer 03771,Consumer,Kandy,2024-05-18
C03772,Customer 03772,Consumer,Negombo,2023-08-18
C03773,Customer 03773,Consumer,Kurunegala,2024-01-01
C03774,Customer 03774,Corporate,Kandy,2023-05-02
C03775,Customer 03775,Consumer,Galle,2025-07-06
C03776,Customer 03776,Corporate,Kurunegala,2023-07-02
C03777,Customer 03777,Consumer,Anuradhapura,2024-09-06
C03778,Customer 03778,Small Business,Negombo,2023-06-03
C03779,Customer 03779,Corporate,Kurunegala,2024-10-01
C03780,Customer 03780,Consumer,Negombo,2025-06-15
C03781,Customer 03781,Corporate,Kurunegala,2025-07-27
C03782,Customer 03782,Corporate,Kandy,2025-08-13
C03783,Customer 03783,Consumer,Galle,2025-03-18
C03784,Customer 03784,Small Business,Galle,2025-03-07
C03785,Customer 03785,Consumer,Anuradhapura,2023-11-24
C03786,Customer 03786,Small Business,Batticaloa,2024-04-02
C03787,Customer 03787,Consumer,Kandy,2025-04-14
C03788,Customer 03788,Corporate,Negombo,2024-08-14
C03789,Customer 03789,Consumer,Kurunegala,2023-05-29
C03790,Customer 03790,Consumer,Anuradhapura,2023-05-11
C03791,Customer 03791,Corporate,Batticaloa,2023-12-28
C03792,Customer 03792,Corporate,Anuradhapura,2024-03-10
C03793,Customer 03793,Small Business,Kurunegala,2024-09-08
C03794,Customer 03794,Small Business,Jaffna,2023-05-22
C03795,Customer 03795,Corporate,Batticaloa,2024-01-28
C03796,Customer 03796,Small Business,Batticaloa,2024-07-05
C03797,Customer 03797,Small Business,Jaffna,2024-06-29
C03798,Customer 03798,Consumer,Anuradhapura,2024-01-29
C03799,Customer 03799,Small Business,Jaffna,2024-06-23
C03800,Customer 03800,Consumer,Jaffna,2024-12-20
C03801,Customer 03801,Consumer,Jaffna,2024-01-06
C03802,Customer 03802,Consumer,Kurunegala,2025-05-21
C03803,Customer 03803,Corporate,Galle,2024-07-25
C03804,Customer 03804,Consumer,Colombo,2025-08-01
C03805,Customer 03805,Corporate,Kurunegala,2025-07-22
C03806,Customer 03806,Consumer,Negombo,2025-05-19
C03807,Customer 03807,Consumer,Anuradhapura,2024-04-16
C03808,Customer 03808,Consumer,Jaffna,2023-09-06
C03809,Customer 03809,Small Business,Galle,2023-02-27
C03810,Customer 03810,Small Business,Galle,2023-05-01
C03811,Customer 03811,Small Business,Colombo,2024-01-22
C03812,Customer 03812,Corporate,Kurunegala,2024-12-13
C03813,Customer 03813,Small Business,Kandy,2023-02-25
C03814,Customer 03814,Small Business,Kandy,2024-11-09
C03815,Customer 03815,Small Business,Galle,2024-05-03
C03816,Customer 03816,Consumer,Kurunegala,2023-01-31
C03817,Customer 03817,Consumer,Jaffna,2023-05-25
C03818,Customer 03818,Consumer,Anuradhapura,2023-03-20
C03819,Customer 03819,Consumer,Batticaloa,2023-06-03
C03820,Customer 03820,Consumer,Negombo,2025-01-31
C03821,Customer 03821,Corporate,Kurunegala,2024-04-26
C03822,Customer 03822,Small Business,Colombo,2024-03-30
C03823,Customer 03823,Consumer,Galle,2023-10-21
C03824,Customer 03824,Small Business,Colombo,2023-03-03
C03825,Customer 03825,Consumer,Galle,2024-09-10
C03826,Customer 03826,Corporate,Anuradhapura,2023-01-12
C03827,Customer 03827,Corporate,Negombo,2024-11-27
C03828,Customer 03828,Small Business,Negombo,2025-07-30
C03829,Customer 03829,Consumer,Anuradhapura,2024-12-27
C03830,Customer 03830,Consumer,Negombo,2025-08-11
C03831,Customer 03831,Consumer,Anuradhapura,2025-09-23
C03832,Customer 03832,Consumer,Jaffna,2025-08-31
C03833,Customer 03833,Small Business,Colombo,2024-02-15
C03834,Customer 03834,Corporate,Galle,2023-08-13
C03835,Customer 03835,Small Business,Kandy,2025-04-22
C03836,Customer 03836,Small Business,Batticaloa,2025-04-16
C03837,Customer 03837,Corporate,Anuradhapura,2024-05-03
C03838,Customer 03838,Corporate,Galle,2025-04-27
C03839,Customer 03839,Corporate,Anuradhapura,2023-02-25
C03840,Customer 03840,Corporate,Kandy,2023-07-19
C03841,Customer 03841,Consumer,Kurunegala,2023-04-17
C03842,Customer 03842,Corporate,Colombo,2024-09-09
C03843,Customer 03843,Corporate,Galle,2023-09-03
C03844,Customer 03844,Consumer,Kandy,2024-07-08
C03845,Customer 03845,Small Business,Colombo,2023-08-05
C03846,Customer 03846,Corporate,Jaffna,2025-02-13
C03847,Customer 03847,Consumer,Colombo,2024-07-18
C03848,Customer 03848,Corporate,Kandy,2023-09-04
C03849,Customer 03849,Small Business,Colombo,2025-09-27
C03850,Customer 03850,Corporate,Colombo,2024-07-31
C03851,Customer 03851,Corporate,Kandy,2023-02-19
C03852,Customer 03852,Corporate,Colombo,2025-08-24
C03853,Customer 03853,Corporate,Anuradhapura,2024-01-01
C03854,Customer 03854,Consumer,Kurunegala,2024-05-27
C03855,Customer 03855,Corporate,Kurunegala,2025-02-08
C03856,Customer 03856,Consumer,Kandy,2025-09-24
C03857,Customer 03857,Corporate,Kandy,2023-12-06
C03858,Customer 03858,Consumer,Colombo,2024-05-29
C03859,Customer 03859,Corporate,Batticaloa,2024-08-24
C03860,Customer 03860,Consumer,Negombo,2024-08-23
C03861,Customer 03861,Consumer,Batticaloa,2023-06-15
C03862,Customer 03862,Small Business,Kandy,2023-03-22
C03863,Customer 03863,Small Business,Jaffna,2025-09-02
C03864,Customer 03864,Consumer,Galle,2025-06-24
C03865,Customer 03865,Small Business,Galle,2025-02-26
C03866,Customer 03866,Small Business,Kurunegala,2025-09-13
C03867,Customer 03867,Consumer,Kurunegala,2024-04-03
C03868,Customer 03868,Corporate,Anuradhapura,2023-10-25
C03869,Customer 03869,Small Business,Anuradhapura,2023-02-10
C03870,Customer 03870,Consumer,Kandy,2023-09-02
C03871,Customer 03871,Consumer,Batticaloa,2025-09-08
C03872,Customer 03872,Consumer,Galle,2023-04-10
C03873,Customer 03873,Corporate,Kandy,2025-02-23
C03874,Customer 03874,Consumer,Batticaloa,2024-05-25
C03875,Customer 03875,Consumer,Negombo,2023-11-18
C03876,Customer 03876,Consumer,Negombo,2023-06-15
C03877,Customer 03877,Corporate,Kurunegala,2024-08-13
C03878,Customer 03878,Consumer,Galle,2023-04-02
C03879,Customer 03879,Corporate,Negombo,2024-12-28
C03880,Customer 03880,Corporate,Batticaloa,2024-04-29
C03881,Customer 03881,Consumer,Kandy,2024-10-27
C03882,Customer 03882,Small Business,Batticaloa,2025-09-22
C03883,Customer 03883,Corporate,Negombo,2023-02-10
C03884,Customer 03884,Corporate,Galle,2024-02-15
C03885,Customer 03885,Corporate,Kurunegala,2024-03-27
C03886,Customer 03886,Consumer,Anuradhapura,2024-01-18
C03887,Customer 03887,Corporate,Negombo,2024-06-02
C03888,Customer 03888,Small Business,Colombo,2025-06-17
C03889,Customer 03889,Small Business,Colombo,2024-09-27
C03890,Customer 03890,Consumer,Colombo,2025-01-28
C03891,Customer 03891,Consumer,Negombo,2023-06-08
C03892,Customer 03892,Consumer,Anuradhapura,2024-01-20
C03893,Customer 03893,Consumer,Jaffna,2025-05-24
C03894,Customer 03894,Corporate,Kandy,2024-02-02
C03895,Customer 03895,Corporate,Batticaloa,2023-12-24
C03896,Customer 03896,Small Business,Batticaloa,2024-10-19
C03897,Customer 03897,Consumer,Galle,2023-04-22
C03898,Customer 03898,Consumer,Anuradhapura,2025-01-19
C03899,Customer 03899,Corporate,Jaffna,2025-02-25
C03900,Customer 03900,Corporate,Kandy,2024-02-16
C03901,Customer 03901,Corporate,Batticaloa,2023-11-21
C03902,Customer 03902,Small Business,Batticaloa,2023-08-06
C03903,Customer 03903,Corporate,Batticaloa,2023-04-28
C03904,Customer 03904,Small Business,Galle,2023-02-09
C03905,Customer 03905,Corporate,Galle,2025-08-29
C03906,Customer 03906,Consumer,Kurunegala,2024-10-17
C03907,Customer 03907,Consumer,Anuradhapura,2024-08-04
C03908,Customer 03908,Corporate,Anuradhapura,2023-03-05
C03909,Customer 03909,Consumer,Colombo,2024-04-29
C03910,Customer 03910,Consumer,Anuradhapura,2023-08-05
C03911,Customer 03911,Corporate,Galle,2023-10-04
C03912,Customer 03912,Consumer,Kandy,2023-03-27
C03913,Customer 03913,Corporate,Kandy,2023-10-08
C03914,Customer 03914,Small Business,Batticaloa,2023-11-02
C03915,Customer 03915,Corporate,Jaffna,2025-06-11
C03916,Customer 03916,Corporate,Galle,2024-11-16
C03917,Customer 03917,Consumer,Kandy,2025-04-30
C03918,Customer 03918,Corporate,Kurunegala,2025-07-05
C03919,Customer 03919,Corporate,Galle,2025-09-13
C03920,Customer 03920,Corporate,Anuradhapura,2023-07-23
C03921,Customer 03921,Corporate,Galle,2024-05-08
C03922,Customer 03922,Small Business,Anuradhapura,2025-09-15
C03923,Customer 03923,Small Business,Anuradhapura,2023-12-30
C03924,Customer 03924,Consumer,Jaffna,2025-04-22
C03925,Customer 03925,Small Business,Galle,2023-03-21
C03926,Customer 03926,Small Business,Kurunegala,2023-11-28
C03927,Customer 03927,Consumer,Batticaloa,2023-01-15
C03928,Customer 03928,Consumer,Batticaloa,2025-08-14
C03929,Customer 03929,Corporate,Kandy,2025-06-04
C03930,Customer 03930,Small Business,Anuradhapura,2025-03-22
C03931,Customer 03931,Small Business,Colombo,2023-09-27
C03932,Customer 03932,Consumer,Batticaloa,2024-04-06
C03933,Customer 03933,Small Business,Kandy,2024-10-16
C03934,Customer 03934,Consumer,Jaffna,2023-02-07
C03935,Customer 03935,Small Business,Galle,2024-03-06
C03936,Customer 03936,Corporate,Jaffna,2024-09-07
C03937,Customer 03937,Consumer,Jaffna,2023-12-23
C03938,Customer 03938,Small Business,Colombo,2025-09-22
C03939,Customer 03939,Corporate,Colombo,2024-01-15
C03940,Customer 03940,Corporate,Kandy,2023-11-06
C03941,Customer 03941,Corporate,Batticaloa,2024-12-17
C03942,Customer 03942,Corporate,Kurunegala,2024-02-28
C03943,Customer 03943,Small Business,Anuradhapura,2023-12-27
C03944,Customer 03944,Corporate,Kandy,2024-06-19
C03945,Customer 03945,Consumer,Batticaloa,2025-08-06
C03946,Customer 03946,Corporate,Galle,2024-03-14
C03947,Customer 03947,Small Business,Galle,2024-07-20
C03948,Customer 03948,Corporate,Anuradhapura,2024-07-09
C03949,Customer 03949,Small Business,Anuradhapura,2023-10-19
C03950,Customer 03950,Corporate,Kandy,2024-10-11
C03951,Customer 03951,Consumer,Kandy,2023-03-31
C03952,Customer 03952,Consumer,Anuradhapura,2024-10-27
C03953,Customer 03953,Corporate,Kandy,2023-04-17
C03954,Customer 03954,Corporate,Colombo,2024-10-10
C03955,Customer 03955,Corporate,Anuradhapura,2024-11-14
C03956,Customer 03956,Consumer,Batticaloa,2023-08-05
C03957,Customer 03957,Corporate,Kandy,2024-07-18
C03958,Customer 03958,Corporate,Kandy,2023-07-20
C03959,Customer 03959,Corporate,Anuradhapura,2023-12-26
C03960,Customer 03960,Small Business,Anuradhapura,2025-07-18
C03961,Customer 03961,Corporate,Jaffna,2023-01-08
C03962,Customer 03962,Corporate,Negombo,2024-06-03
C03963,Customer 03963,Small Business,Negombo,2025-06-19
C03964,Customer 03964,Corporate,Jaffna,2023-11-11
C03965,Customer 03965,Corporate,Colombo,2023-01-05
C03966,Customer 03966,Consumer,Galle,2023-01-16
C03967,Customer 03967,Corporate,Kurunegala,2025-03-20
C03968,Customer 03968,Consumer,Anuradhapura,2023-12-10
C03969,Customer 03969,Small Business,Anuradhapura,2023-09-05
C03970,Customer 03970,Small Business,Anuradhapura,2023-07-17
C03971,Customer 03971,Consumer,Anuradhapura,2025-04-28
C03972,Customer 03972,Small Business,Anuradhapura,2023-05-12
C03973,Customer 03973,Small Business,Galle,2025-09-27
C03974,Customer 03974,Corporate,Galle,2024-02-17
C03975,Customer 03975,Consumer,Kandy,2024-03-23
C03976,Customer 03976,Consumer,Kandy,2024-12-28
C03977,Customer 03977,Small Business,Anuradhapura,2024-10-08
C03978,Customer 03978,Small Business,Negombo,2025-05-13
C03979,Customer 03979,Small Business,Galle,2025-05-07
C03980,Customer 03980,Corporate,Jaffna,2025-08-29
C03981,Customer 03981,Consumer,Colombo,2023-04-06
C03982,Customer 03982,Consumer,Galle,2024-03-23
C03983,Customer 03983,Small Business,Kandy,2023-01-29
C03984,Customer 03984,Corporate,Colombo,2024-08-08
C03985,Customer 03985,Small Business,Galle,2025-01-30
C03986,Customer 03986,Small Business,Kurunegala,2024-04-09
C03987,Customer 03987,Consumer,Jaffna,2023-07-11
C03988,Customer 03988,Consumer,Jaffna,2023-11-01
C03989,Customer 03989,Corporate,Negombo,2025-01-13
C03990,Customer 03990,Consumer,Negombo,2024-11-06
C03991,Customer 03991,Consumer,Colombo,2023-03-26
C03992,Customer 03992,Small Business,Kandy,2024-10-15
C03993,Customer 03993,Corporate,Kandy,2023-04-24
C03994,Customer 03994,Consumer,Negombo,2023-04-20
C03995,Customer 03995,Consumer,Kandy,2023-09-26
C03996,Customer 03996,Corporate,Kurunegala,2023-03-21
C03997,Customer 03997,Consumer,Anuradhapura,2025-07-23
C03998,Customer 03998,Corporate,Colombo,2023-04-14
C03999,Customer 03999,Consumer,Batticaloa,2024-02-28
C04000,Customer 04000,Small Business,Kandy,2025-09-09
C04001,Customer 04001,Small Business,Anuradhapura,2023-08-04
C04002,Customer 04002,Corporate,Batticaloa,2024-01-20
C04003,Customer 04003,Consumer,Galle,2025-04-07
C04004,Customer 04004,Consumer,Galle,2023-11-02
C04005,Customer 04005,Small Business,Colombo,2024-11-06
C04006,Customer 04006,Corporate,Kurunegala,2023-05-01
C04007,Customer 04007,Small Business,Colombo,2024-05-10
C04008,Customer 04008,Small Business,Negombo,2023-06-12
C04009,Customer 04009,Consumer,Jaffna,2025-08-06
C04010,Customer 04010,Consumer,Colombo,2024-09-12
C04011,Customer 04011,Small Business,Galle,2024-06-14
C04012,Customer 04012,Corporate,Kandy,2023-08-10
C04013,Customer 04013,Consumer,Colombo,2025-07-09
C04014,Customer 04014,Consumer,Jaffna,2023-12-02
C04015,Customer 04015,Small Business,Galle,2023-03-27
C04016,Customer 04016,Corporate,Batticaloa,2023-10-02
C04017,Customer 04017,Consumer,Kurunegala,2023-07-24
C04018,Customer 04018,Small Business,Negombo,2024-12-26
C04019,Customer 04019,Small Business,Batticaloa,2024-04-23
C04020,Customer 04020,Small Business,Anuradhapura,2024-03-22
C04021,Customer 04021,Consumer,Negombo,2025-08-02
C04022,Customer 04022,Consumer,Negombo,2023-06-27
C04023,Customer 04023,Corporate,Kandy,2025-09-11
C04024,Customer 04024,Small Business,Negombo,2024-08-20
C04025,Customer 04025,Consumer,Batticaloa,2023-06-19
C04026,Customer 04026,Corporate,Anuradhapura,2024-03-19
C04027,Customer 04027,Small Business,Negombo,2024-09-02
C04028,Customer 04028,Corporate,Kandy,2025-04-15
C04029,Customer 04029,Corporate,Anuradhapura,2024-09-13
C04030,Customer 04030,Small Business,Kurunegala,2023-07-24
C04031,Customer 04031,Small Business,Kandy,2024-01-18
C04032,Customer 04032,Consumer,Colombo,2024-04-05
C04033,Customer 04033,Small Business,Negombo,2025-09-08
C04034,Customer 04034,Corporate,Negombo,2024-08-23
C04035,Customer 04035,Small Business,Kurunegala,2024-09-10
C04036,Customer 04036,Consumer,Kandy,2024-02-12
C04037,Customer 04037,Corporate,Anuradhapura,2023-07-04
C04038,Customer 04038,Consumer,Kurunegala,2025-03-20
C04039,Customer 04039,Consumer,Jaffna,2023-09-09
C04040,Customer 04040,Corporate,Kurunegala,2024-11-03
C04041,Customer 04041,Corporate,Kandy,2023-05-29
C04042,Customer 04042,Corporate,Colombo,2023-01-10
C04043,Customer 04043,Corporate,Jaffna,2025-01-04
C04044,Customer 04044,Small Business,Kurunegala,2024-04-21
C04045,Customer 04045,Consumer,Kandy,2025-07-09
C04046,Customer 04046,Corporate,Jaffna,2024-01-30
C04047,Customer 04047,Consumer,Kandy,2024-06-23
C04048,Customer 04048,Corporate,Kandy,2024-07-28
C04049,Customer 04049,Small Business,Anuradhapura,2024-08-10
C04050,Customer 04050,Corporate,Kurunegala,2024-11-29
C04051,Customer 04051,Corporate,Jaffna,2025-04-12
C04052,Customer 04052,Consumer,Batticaloa,2023-07-21
C04053,Customer 04053,Consumer,Negombo,2024-05-25
C04054,Customer 04054,Consumer,Kandy,2024-03-07
C04055,Customer 04055,Consumer,Kurunegala,2024-04-08
C04056,Customer 04056,Corporate,Jaffna,2024-08-28
C04057,Customer 04057,Consumer,Negombo,2024-08-13
C04058,Customer 04058,Small Business,Colombo,2023-01-19
C04059,Customer 04059,Corporate,Negombo,2025-07-22
C04060,Customer 04060,Corporate,Colombo,2023-05-15
C04061,Customer 04061,Small Business,Colombo,2025-07-06
C04062,Customer 04062,Small Business,Colombo,2023-12-12
C04063,Customer 04063,Corporate,Kandy,2023-03-13
C04064,Customer 04064,Corporate,Negombo,2025-04-29
C04065,Customer 04065,Corporate,Kurunegala,2023-10-09
C04066,Customer 04066,Consumer,Kurunegala,2024-02-14
C04067,Customer 04067,Small Business,Colombo,2024-05-20
C04068,Customer 04068,Corporate,Batticaloa,2024-02-07
C04069,Customer 04069,Small Business,Kandy,2024-05-20
C04070,Customer 04070,Corporate,Kandy,2025-05-13
C04071,Customer 04071,Consumer,Colombo,2023-01-30
C04072,Customer 04072,Consumer,Galle,2025-04-25
C04073,Customer 04073,Corporate,Anuradhapura,2023-04-18
C04074,Customer 04074,Consumer,Kandy,2023-08-20
C04075,Customer 04075,Small Business,Kurunegala,2023-07-15
C04076,Customer 04076,Small Business,Colombo,2025-04-15
C04077,Customer 04077,Small Business,Colombo,2025-08-14
C04078,Customer 04078,Consumer,Kandy,2023-09-23
C04079,Customer 04079,Corporate,Kandy,2023-02-19
C04080,Customer 04080,Corporate,Anuradhapura,2023-09-28
C04081,Customer 04081,Small Business,Galle,2023-10-04
C04082,Customer 04082,Consumer,Batticaloa,2025-08-05
C04083,Customer 04083,Consumer,Kurunegala,2023-05-03
C04084,Customer 04084,Consumer,Anuradhapura,2025-06-01
C04085,Customer 04085,Corporate,Kandy,2024-10-14
C04086,Customer 04086,Small Business,Jaffna,2024-06-18
C04087,Customer 04087,Corporate,Batticaloa,2024-08-14
C04088,Customer 04088,Corporate,Kurunegala,2025-09-26
C04089,Customer 04089,Small Business,Batticaloa,2025-03-02
C04090,Customer 04090,Consumer,Negombo,2023-08-20
C04091,Customer 04091,Corporate,Kandy,2025-02-23
C04092,Customer 04092,Small Business,Jaffna,2023-12-28
C04093,Customer 04093,Small Business,Jaffna,2024-11-06
C04094,Customer 04094,Consumer,Kandy,2024-12-12
C04095,Customer 04095,Corporate,Colombo,2025-09-22
C04096,Customer 04096,Consumer,Jaffna,2023-08-06
C04097,Customer 04097,Corporate,Jaffna,2024-04-24
C04098,Customer 04098,Consumer,Kurunegala,2024-05-14
C04099,Customer 04099,Small Business,Kurunegala,2023-08-02
C04100,Customer 04100,Corporate,Batticaloa,2025-02-17
C04101,Customer 04101,Consumer,Kandy,2024-11-02
C04102,Customer 04102,Consumer,Jaffna,2025-07-25
C04103,Customer 04103,Corporate,Anuradhapura,2025-07-27
C04104,Customer 04104,Corporate,Jaffna,2025-09-25
C04105,Customer 04105,Corporate,Jaffna,2025-03-09
C04106,Customer 04106,Corporate,Anuradhapura,2023-03-12
C04107,Customer 04107,Small Business,Negombo,2023-06-18
C04108,Customer 04108,Small Business,Kandy,2025-09-01
C04109,Customer 04109,Corporate,Kandy,2023-05-31
C04110,Customer 04110,Consumer,Jaffna,2025-02-01
C04111,Customer 04111,Corporate,Galle,2023-01-17
C04112,Customer 04112,Consumer,Batticaloa,2023-10-01
C04113,Customer 04113,Small Business,Batticaloa,2024-11-08
C04114,Customer 04114,Corporate,Kandy,2023-12-27
C04115,Customer 04115,Small Business,Kandy,2025-08-07
C04116,Customer 04116,Corporate,Jaffna,2023-12-29
C04117,Customer 04117,Corporate,Anuradhapura,2023-06-04
C04118,Customer 04118,Corporate,Colombo,2024-06-04
C04119,Customer 04119,Corporate,Kurunegala,2024-03-27
C04120,Customer 04120,Consumer,Anuradhapura,2023-04-11
C04121,Customer 04121,Corporate,Jaffna,2025-01-19
C04122,Customer 04122,Consumer,Anuradhapura,2023-10-29
C04123,Customer 04123,Small Business,Negombo,2023-06-30
C04124,Customer 04124,Small Business,Batticaloa,2024-06-26
C04125,Customer 04125,Corporate,Kandy,2024-06-15
C04126,Customer 04126,Consumer,Jaffna,2024-11-28
C04127,Customer 04127,Consumer,Jaffna,2025-09-08
C04128,Customer 04128,Consumer,Colombo,2023-04-28
C04129,Customer 04129,Corporate,Jaffna,2024-08-12
C04130,Customer 04130,Small Business,Kandy,2023-03-09
C04131,Customer 04131,Consumer,Anuradhapura,2023-10-10
C04132,Customer 04132,Corporate,Kandy,2024-02-06
C04133,Customer 04133,Small Business,Negombo,2023-08-14
C04134,Customer 04134,Consumer,Galle,2024-05-22
C04135,Customer 04135,Consumer,Kurunegala,2025-03-15
C04136,Customer 04136,Corporate,Negombo,2024-10-14
C04137,Customer 04137,Consumer,Kandy,2025-01-21
C04138,Customer 04138,Small Business,Batticaloa,2023-07-09
C04139,Customer 04139,Corporate,Jaffna,2025-01-26
C04140,Customer 04140,Corporate,Kandy,2023-06-24
C04141,Customer 04141,Consumer,Kurunegala,2023-06-20
C04142,Customer 04142,Corporate,Galle,2025-07-10
C04143,Customer 04143,Consumer,Batticaloa,2025-09-12
C04144,Customer 04144,Corporate,Colombo,2024-03-14
C04145,Customer 04145,Corporate,Kandy,2023-07-01
C04146,Customer 04146,Small Business,Colombo,2023-06-24
C04147,Customer 04147,Corporate,Batticaloa,2024-08-31
C04148,Customer 04148,Consumer,Batticaloa,2024-08-20
C04149,Customer 04149,Consumer,Batticaloa,2025-06-13
C04150,Customer 04150,Consumer,Colombo,2023-04-23
C04151,Customer 04151,Small Business,Negombo,2024-08-03
C04152,Customer 04152,Consumer,Galle,2025-05-05
C04153,Customer 04153,Consumer,Kandy,2025-02-12
C04154,Customer 04154,Corporate,Kurunegala,2023-04-13
C04155,Customer 04155,Corporate,Kurunegala,2024-04-08
C04156,Customer 04156,Corporate,Batticaloa,2024-07-12
C04157,Customer 04157,Corporate,Batticaloa,2023-09-17
C04158,Customer 04158,Corporate,Negombo,2023-01-14
C04159,Customer 04159,Corporate,Batticaloa,2024-12-28
C04160,Customer 04160,Corporate,Colombo,2023-04-26
C04161,Customer 04161,Corporate,Jaffna,2023-06-01
C04162,Customer 04162,Consumer,Kurunegala,2024-11-06
C04163,Customer 04163,Consumer,Jaffna,2024-05-24
C04164,Customer 04164,Small Business,Anuradhapura,2024-08-14
C04165,Customer 04165,Consumer,Kandy,2024-01-04
C04166,Customer 04166,Corporate,Kandy,2023-07-18
C04167,Customer 04167,Corporate,Batticaloa,2025-09-15
C04168,Customer 04168,Small Business,Galle,2025-09-08
C04169,Customer 04169,Small Business,Kurunegala,2023-09-29
C04170,Customer 04170,Corporate,Anuradhapura,2025-06-28
C04171,Customer 04171,Corporate,Negombo,2024-08-26
C04172,Customer 04172,Consumer,Colombo,2023-11-13
C04173,Customer 04173,Small Business,Kurunegala,2024-08-16
C04174,Customer 04174,Small Business,Kandy,2025-05-04
C04175,Customer 04175,Corporate,Kurunegala,2024-03-19
C04176,Customer 04176,Consumer,Colombo,2023-10-23
C04177,Customer 04177,Small Business,Galle,2024-05-25
C04178,Customer 04178,Small Business,Galle,2024-04-22
C04179,Customer 04179,Corporate,Galle,2024-06-19
C04180,Customer 04180,Corporate,Negombo,2023-11-07
C04181,Customer 04181,Corporate,Colombo,2023-03-08
C04182,Customer 04182,Consumer,Jaffna,2024-04-09
C04183,Customer 04183,Small Business,Kandy,2023-10-17
C04184,Customer 04184,Corporate,Negombo,2023-02-24
C04185,Customer 04185,Corporate,Kurunegala,2023-01-06
C04186,Customer 04186,Consumer,Colombo,2024-11-07
C04187,Customer 04187,Consumer,Kurunegala,2023-09-15
C04188,Customer 04188,Corporate,Galle,2025-06-18
C04189,Customer 04189,Consumer,Negombo,2025-09-03
C04190,Customer 04190,Small Business,Jaffna,2023-05-27
C04191,Customer 04191,Small Business,Kandy,2024-03-18
C04192,Customer 04192,Consumer,Colombo,2023-10-25
C04193,Customer 04193,Corporate,Jaffna,2024-04-29
C04194,Customer 04194,Small Business,Anuradhapura,2025-04-11
C04195,Customer 04195,Corporate,Kandy,2024-03-08
C04196,Customer 04196,Corporate,Negombo,2025-07-03
C04197,Customer 04197,Corporate,Galle,2024-09-03
C04198,Customer 04198,Corporate,Kurunegala,2024-07-31
C04199,Customer 04199,Small Business,Galle,2025-04-03
C04200,Customer 04200,Consumer,Negombo,2024-11-30
C04201,Customer 04201,Corporate,Jaffna,2023-05-19
C04202,Customer 04202,Corporate,Kandy,2023-11-05
C04203,Customer 04203,Small Business,Batticaloa,2023-11-01
C04204,Customer 04204,Consumer,Anuradhapura,2024-07-12
C04205,Customer 04205,Corporate,Kandy,2025-03-12
C04206,Customer 04206,Small Business,Batticaloa,2023-05-22
C04207,Customer 04207,Corporate,Kurunegala,2024-12-11
C04208,Customer 04208,Corporate,Anuradhapura,2024-04-24
C04209,Customer 04209,Corporate,Anuradhapura,2024-04-22
C04210,Customer 04210,Consumer,Colombo,2024-04-17
C04211,Customer 04211,Corporate,Kandy,2025-09-07
C04212,Customer 04212,Consumer,Negombo,2025-02-12
C04213,Customer 04213,Consumer,Kurunegala,2025-03-16
C04214,Customer 04214,Small Business,Negombo,2023-05-11
C04215,Customer 04215,Corporate,Galle,2023-02-24
C04216,Customer 04216,Small Business,Colombo,2024-02-17
C04217,Customer 04217,Small Business,Batticaloa,2024-04-18
C04218,Customer 04218,Consumer,Kandy,2025-05-09
C04219,Customer 04219,Corporate,Kandy,2023-02-26
C04220,Customer 04220,Small Business,Kandy,2023-12-08
C04221,Customer 04221,Corporate,Batticaloa,2025-04-21
C04222,Customer 04222,Corporate,Colombo,2024-12-08
C04223,Customer 04223,Small Business,Colombo,2023-05-05
C04224,Customer 04224,Consumer,Galle,2024-12-19
C04225,Customer 04225,Small Business,Batticaloa,2024-07-29
C04226,Customer 04226,Consumer,Galle,2023-05-20
C04227,Customer 04227,Small Business,Negombo,2023-11-05
C04228,Customer 04228,Consumer,Batticaloa,2025-01-06
C04229,Customer 04229,Small Business,Jaffna,2024-09-30
C04230,Customer 04230,Consumer,Colombo,2023-04-28
C04231,Customer 04231,Small Business,Kandy,2023-06-06
C04232,Customer 04232,Consumer,Jaffna,2024-06-16
C04233,Customer 04233,Consumer,Batticaloa,2023-07-29
C04234,Customer 04234,Small Business,Batticaloa,2023-01-26
C04235,Customer 04235,Consumer,Kandy,2024-02-05
C04236,Customer 04236,Corporate,Batticaloa,2023-11-04
C04237,Customer 04237,Consumer,Negombo,2023-07-08
C04238,Customer 04238,Small Business,Batticaloa,2025-04-21
C04239,Customer 04239,Small Business,Kandy,2025-05-29
C04240,Customer 04240,Consumer,Colombo,2024-03-18
C04241,Customer 04241,Consumer,Jaffna,2023-07-09
C04242,Customer 04242,Small Business,Jaffna,2023-06-24
C04243,Customer 04243,Corporate,Negombo,2024-05-02
C04244,Customer 04244,Small Business,Kandy,2023-10-24
C04245,Customer 04245,Small Business,Batticaloa,2025-09-09
C04246,Customer 04246,Small Business,Negombo,2024-01-12
C04247,Customer 04247,Corporate,Kandy,2024-02-05
C04248,Customer 04248,Corporate,Anuradhapura,2024-04-20
C04249,Customer 04249,Consumer,Negombo,2023-06-01
C04250,Customer 04250,Consumer,Anuradhapura,2024-04-13
C04251,Customer 04251,Small Business,Negombo,2023-01-12
C04252,Customer 04252,Small Business,Batticaloa,2023-02-04
C04253,Customer 04253,Corporate,Galle,2023-02-13
C04254,Customer 04254,Small Business,Batticaloa,2024-04-24
C04255,Customer 04255,Consumer,Galle,2023-10-11
C04256,Customer 04256,Small Business,Jaffna,2024-01-02
C04257,Customer 04257,Small Business,Anuradhapura,2023-12-24
C04258,Customer 04258,Consumer,Galle,2024-06-09
C04259,Customer 04259,Consumer,Kurunegala,2024-11-02
C04260,Customer 04260,Small Business,Kurunegala,2024-11-02
C04261,Customer 04261,Small Business,Galle,2024-04-15
C04262,Customer 04262,Small Business,Negombo,2023-10-13
C04263,Customer 04263,Corporate,Kandy,2025-08-03
C04264,Customer 04264,Small Business,Batticaloa,2025-07-27
C04265,Customer 04265,Corporate,Galle,2024-01-21
C04266,Customer 04266,Small Business,Negombo,2024-08-12
C04267,Customer 04267,Small Business,Kurunegala,2023-05-13
C04268,Customer 04268,Small Business,Kurunegala,2024-08-25
C04269,Customer 04269,Small Business,Anuradhapura,2024-08-21
C04270,Customer 04270,Consumer,Colombo,2023-03-11
C04271,Customer 04271,Small Business,Galle,2025-05-22
C04272,Customer 04272,Consumer,Kandy,2023-08-26
C04273,Customer 04273,Small Business,Batticaloa,2024-05-26
C04274,Customer 04274,Consumer,Jaffna,2023-11-28
C04275,Customer 04275,Consumer,Anuradhapura,2023-04-18
C04276,Customer 04276,Corporate,Kandy,2025-02-12
C04277,Customer 04277,Small Business,Negombo,2023-03-05
C04278,Customer 04278,Consumer,Kandy,2023-04-28
C04279,Customer 04279,Corporate,Colombo,2024-03-28
C04280,Customer 04280,Consumer,Kurunegala,2025-08-03
C04281,Customer 04281,Small Business,Batticaloa,2023-04-21
C04282,Customer 04282,Consumer,Jaffna,2024-01-22
C04283,Customer 04283,Corporate,Batticaloa,2023-07-20
C04284,Customer 04284,Small Business,Negombo,2024-03-24
C04285,Customer 04285,Consumer,Galle,2023-08-19
C04286,Customer 04286,Small Business,Jaffna,2024-03-20
C04287,Customer 04287,Small Business,Colombo,2023-03-30
C04288,Customer 04288,Small Business,Kandy,2024-10-06
C04289,Customer 04289,Consumer,Galle,2023-07-28
C04290,Customer 04290,Consumer,Kurunegala,2025-07-03
C04291,Customer 04291,Corporate,Kandy,2025-03-03
C04292,Customer 04292,Consumer,Batticaloa,2023-12-15
C04293,Customer 04293,Consumer,Batticaloa,2023-07-14
C04294,Customer 04294,Corporate,Kurunegala,2024-05-27
C04295,Customer 04295,Small Business,Galle,2024-09-25
C04296,Customer 04296,Consumer,Batticaloa,2025-03-31
C04297,Customer 04297,Small Business,Anuradhapura,2024-03-13
C04298,Customer 04298,Consumer,Kandy,2025-06-13
C04299,Customer 04299,Small Business,Negombo,2023-05-11
C04300,Customer 04300,Consumer,Batticaloa,2023-04-14
C04301,Customer 04301,Consumer,Kurunegala,2023-08-25
C04302,Customer 04302,Consumer,Negombo,2023-01-24
C04303,Customer 04303,Corporate,Anuradhapura,2025-08-02
C04304,Customer 04304,Corporate,Kandy,2024-12-21
C04305,Customer 04305,Consumer,Negombo,2025-06-12
C04306,Customer 04306,Small Business,Jaffna,2023-03-18
C04307,Customer 04307,Small Business,Negombo,2025-05-23
C04308,Customer 04308,Small Business,Colombo,2024-02-13
C04309,Customer 04309,Small Business,Kandy,2024-07-13
C04310,Customer 04310,Corporate,Negombo,2024-08-19
C04311,Customer 04311,Consumer,Colombo,2024-10-30
C04312,Customer 04312,Corporate,Negombo,2023-12-13
C04313,Customer 04313,Corporate,Colombo,2023-07-25
C04314,Customer 04314,Consumer,Kurunegala,2023-05-23
C04315,Customer 04315,Small Business,Colombo,2025-08-04
C04316,Customer 04316,Corporate,Kandy,2023-08-30
C04317,Customer 04317,Small Business,Colombo,2025-04-04
C04318,Customer 04318,Consumer,Anuradhapura,2023-12-21
C04319,Customer 04319,Small Business,Kandy,2024-09-04
C04320,Customer 04320,Small Business,Batticaloa,2025-06-27
C04321,Customer 04321,Consumer,Negombo,2025-08-27
C04322,Customer 04322,Consumer,Kandy,2025-01-10
C04323,Customer 04323,Corporate,Jaffna,2023-02-06
C04324,Customer 04324,Corporate,Anuradhapura,2024-10-27
C04325,Customer 04325,Corporate,Jaffna,2024-05-04
C04326,Customer 04326,Consumer,Colombo,2023-01-22
C04327,Customer 04327,Consumer,Anuradhapura,2025-03-03
C04328,Customer 04328,Small Business,Colombo,2024-11-29
C04329,Customer 04329,Corporate,Colombo,2024-07-19
C04330,Customer 04330,Corporate,Galle,2024-02-01
C04331,Customer 04331,Small Business,Anuradhapura,2024-03-16
C04332,Customer 04332,Consumer,Kandy,2024-07-16
C04333,Customer 04333,Consumer,Kurunegala,2024-03-24
C04334,Customer 04334,Consumer,Kurunegala,2023-12-27
C04335,Customer 04335,Consumer,Jaffna,2024-03-23
C04336,Customer 04336,Consumer,Colombo,2023-08-26
C04337,Customer 04337,Corporate,Colombo,2023-08-21
C04338,Customer 04338,Consumer,Jaffna,2025-04-01
C04339,Customer 04339,Consumer,Kandy,2025-04-12
C04340,Customer 04340,Consumer,Batticaloa,2023-02-28
C04341,Customer 04341,Corporate,Colombo,2023-07-04
C04342,Customer 04342,Corporate,Jaffna,2023-11-18
C04343,Customer 04343,Consumer,Anuradhapura,2023-10-27
C04344,Customer 04344,Small Business,Kandy,2024-05-05
C04345,Customer 04345,Consumer,Kandy,2024-11-03
C04346,Customer 04346,Small Business,Jaffna,2023-09-14
C04347,Customer 04347,Small Business,Kurunegala,2024-05-21
C04348,Customer 04348,Consumer,Batticaloa,2025-07-08
C04349,Customer 04349,Corporate,Kurunegala,2024-12-31
C04350,Customer 04350,Small Business,Negombo,2025-03-09
C04351,Customer 04351,Small Business,Jaffna,2025-06-08
C04352,Customer 04352,Corporate,Kurunegala,2024-06-23
C04353,Customer 04353,Small Business,Kandy,2024-12-15
C04354,Customer 04354,Corporate,Anuradhapura,2023-02-25
C04355,Customer 04355,Small Business,Batticaloa,2024-12-23
C04356,Customer 04356,Consumer,Jaffna,2023-10-14
C04357,Customer 04357,Consumer,Jaffna,2025-07-22
C04358,Customer 04358,Small Business,Jaffna,2023-11-09
C04359,Customer 04359,Corporate,Galle,2023-05-06
C04360,Customer 04360,Consumer,Batticaloa,2023-02-06
C04361,Customer 04361,Corporate,Kandy,2024-10-27
C04362,Customer 04362,Corporate,Colombo,2023-01-22
C04363,Customer 04363,Corporate,Anuradhapura,2023-10-04
C04364,Customer 04364,Consumer,Colombo,2023-11-04
C04365,Customer 04365,Small Business,Anuradhapura,2023-10-13
C04366,Customer 04366,Consumer,Anuradhapura,2024-05-22
C04367,Customer 04367,Corporate,Colombo,2024-01-29
C04368,Customer 04368,Consumer,Anuradhapura,2023-08-18
C04369,Customer 04369,Small Business,Anuradhapura,2023-07-08
C04370,Customer 04370,Consumer,Negombo,2024-06-29
C04371,Customer 04371,Small Business,Kurunegala,2023-02-02
C04372,Customer 04372,Consumer,Kurunegala,2025-08-17
C04373,Customer 04373,Corporate,Jaffna,2025-08-02
C04374,Customer 04374,Consumer,Kurunegala,2025-02-14
C04375,Customer 04375,Small Business,Anuradhapura,2025-01-13
C04376,Customer 04376,Corporate,Colombo,2025-06-05
C04377,Customer 04377,Consumer,Anuradhapura,2025-04-06
C04378,Customer 04378,Small Business,Negombo,2025-09-02
C04379,Customer 04379,Small Business,Batticaloa,2025-05-29
C04380,Customer 04380,Small Business,Negombo,2024-03-10
C04381,Customer 04381,Corporate,Batticaloa,2023-06-16
C04382,Customer 04382,Consumer,Galle,2025-02-02
C04383,Customer 04383,Consumer,Negombo,2025-07-18
C04384,Customer 04384,Small Business,Negombo,2025-03-29
C04385,Customer 04385,Consumer,Negombo,2023-03-29
C04386,Customer 04386,Small Business,Anuradhapura,2023-12-12
C04387,Customer 04387,Small Business,Negombo,2023-02-09
C04388,Customer 04388,Corporate,Negombo,2024-01-06
C04389,Customer 04389,Small Business,Colombo,2025-03-12
C04390,Customer 04390,Corporate,Kurunegala,2023-05-08
C04391,Customer 04391,Corporate,Galle,2025-05-06
C04392,Customer 04392,Corporate,Colombo,2024-03-30
C04393,Customer 04393,Consumer,Batticaloa,2024-03-26
C04394,Customer 04394,Corporate,Batticaloa,2023-02-07
C04395,Customer 04395,Small Business,Jaffna,2024-10-15
C04396,Customer 04396,Consumer,Kandy,2024-02-23
C04397,Customer 04397,Small Business,Kurunegala,2023-10-11
C04398,Customer 04398,Consumer,Batticaloa,2025-09-03
C04399,Customer 04399,Corporate,Negombo,2023-07-04
C04400,Customer 04400,Corporate,Galle,2023-09-23
C04401,Customer 04401,Small Business,Galle,2023-08-21
C04402,Customer 04402,Small Business,Colombo,2023-05-31
C04403,Customer 04403,Consumer,Colombo,2023-08-27
C04404,Customer 04404,Small Business,Batticaloa,2023-07-08
C04405,Customer 04405,Corporate,Colombo,2024-08-16
C04406,Customer 04406,Small Business,Jaffna,2024-07-20
C04407,Customer 04407,Small Business,Negombo,2023-03-04
C04408,Customer 04408,Corporate,Colombo,2025-09-25
C04409,Customer 04409,Corporate,Colombo,2024-11-25
C04410,Customer 04410,Consumer,Kurunegala,2024-09-06
C04411,Customer 04411,Consumer,Batticaloa,2023-04-22
C04412,Customer 04412,Small Business,Kandy,2023-04-26
C04413,Customer 04413,Consumer,Kurunegala,2023-08-31
C04414,Customer 04414,Corporate,Anuradhapura,2024-08-07
C04415,Customer 04415,Small Business,Anuradhapura,2023-03-15
C04416,Customer 04416,Corporate,Galle,2025-06-15
C04417,Customer 04417,Corporate,Kurunegala,2023-01-26
C04418,Customer 04418,Corporate,Kurunegala,2023-12-10
C04419,Customer 04419,Corporate,Colombo,2024-04-26
C04420,Customer 04420,Corporate,Colombo,2023-06-14
C04421,Customer 04421,Consumer,Colombo,2023-10-25
C04422,Customer 04422,Small Business,Jaffna,2023-04-19
C04423,Customer 04423,Corporate,Kurunegala,2025-04-07
C04424,Customer 04424,Consumer,Anuradhapura,2025-08-20
C04425,Customer 04425,Small Business,Colombo,2025-04-30
C04426,Customer 04426,Small Business,Galle,2024-11-03
C04427,Customer 04427,Small Business,Kandy,2024-01-26
C04428,Customer 04428,Consumer,Jaffna,2025-09-05
C04429,Customer 04429,Small Business,Anuradhapura,2024-08-01
C04430,Customer 04430,Small Business,Kandy,2024-07-05
C04431,Customer 04431,Small Business,Colombo,2025-05-17
C04432,Customer 04432,Corporate,Batticaloa,2024-09-13
C04433,Customer 04433,Corporate,Jaffna,2023-11-21
C04434,Customer 04434,Small Business,Negombo,2025-05-06
C04435,Customer 04435,Consumer,Kurunegala,2025-07-21
C04436,Customer 04436,Corporate,Jaffna,2023-09-06
C04437,Customer 04437,Corporate,Kandy,2024-04-11
C04438,Customer 04438,Consumer,Batticaloa,2024-12-10
C04439,Customer 04439,Corporate,Kurunegala,2025-01-20
C04440,Customer 04440,Corporate,Kandy,2023-03-23
C04441,Customer 04441,Corporate,Batticaloa,2025-07-25
C04442,Customer 04442,Consumer,Batticaloa,2024-09-11
C04443,Customer 04443,Corporate,Jaffna,2025-03-16
C04444,Customer 04444,Consumer,Jaffna,2024-08-06
C04445,Customer 04445,Corporate,Galle,2025-03-06
C04446,Customer 04446,Corporate,Negombo,2024-09-12
C04447,Customer 04447,Corporate,Kandy,2023-12-16
C04448,Customer 04448,Corporate,Anuradhapura,2023-03-25
C04449,Customer 04449,Consumer,Batticaloa,2024-06-01
C04450,Customer 04450,Consumer,Galle,2024-10-09
C04451,Customer 04451,Corporate,Colombo,2025-06-16
C04452,Customer 04452,Consumer,Anuradhapura,2023-06-20
C04453,Customer 04453,Small Business,Batticaloa,2023-09-27
C04454,Customer 04454,Consumer,Galle,2025-01-30
C04455,Customer 04455,Consumer,Anuradhapura,2025-06-09
C04456,Customer 04456,Small Business,Galle,2023-01-25
C04457,Customer 04457,Consumer,Anuradhapura,2023-03-16
C04458,Customer 04458,Corporate,Kurunegala,2025-07-14
C04459,Customer 04459,Corporate,Jaffna,2023-05-11
C04460,Customer 04460,Corporate,Kandy,2024-12-30
C04461,Customer 04461,Corporate,Kandy,2023-12-11
C04462,Customer 04462,Consumer,Kandy,2025-01-09
C04463,Customer 04463,Corporate,Batticaloa,2025-01-26
C04464,Customer 04464,Corporate,Batticaloa,2025-07-21
C04465,Customer 04465,Corporate,Negombo,2025-01-28
C04466,Customer 04466,Corporate,Galle,2025-02-14
C04467,Customer 04467,Consumer,Kandy,2025-01-21
C04468,Customer 04468,Consumer,Kurunegala,2023-06-05
C04469,Customer 04469,Small Business,Batticaloa,2024-11-21
C04470,Customer 04470,Corporate,Batticaloa,2024-01-24
C04471,Customer 04471,Small Business,Negombo,2023-06-30
C04472,Customer 04472,Consumer,Jaffna,2025-08-25
C04473,Customer 04473,Corporate,Kurunegala,2023-11-01
C04474,Customer 04474,Small Business,Anuradhapura,2023-02-19
C04475,Customer 04475,Corporate,Anuradhapura,2023-10-20
C04476,Customer 04476,Consumer,Galle,2023-11-23
C04477,Customer 04477,Small Business,Jaffna,2023-02-12
C04478,Customer 04478,Small Business,Negombo,2024-03-16
C04479,Customer 04479,Small Business,Kurunegala,2024-08-11
C04480,Customer 04480,Corporate,Negombo,2023-04-12
C04481,Customer 04481,Consumer,Negombo,2023-06-19
C04482,Customer 04482,Corporate,Batticaloa,2023-10-08
C04483,Customer 04483,Consumer,Negombo,2023-08-18
C04484,Customer 04484,Corporate,Kandy,2025-08-19
C04485,Customer 04485,Consumer,Negombo,2025-08-04
C04486,Customer 04486,Consumer,Jaffna,2023-05-25
C04487,Customer 04487,Small Business,Galle,2024-07-19
C04488,Customer 04488,Small Business,Colombo,2023-01-29
C04489,Customer 04489,Small Business,Jaffna,2025-09-09
C04490,Customer 04490,Corporate,Colombo,2023-01-07
C04491,Customer 04491,Consumer,Negombo,2024-01-14
C04492,Customer 04492,Small Business,Anuradhapura,2025-08-22
C04493,Customer 04493,Corporate,Galle,2025-01-19
C04494,Customer 04494,Corporate,Negombo,2025-04-30
C04495,Customer 04495,Consumer,Kandy,2025-07-29
C04496,Customer 04496,Corporate,Batticaloa,2024-03-31
C04497,Customer 04497,Consumer,Galle,2023-09-27
C04498,Customer 04498,Small Business,Kandy,2023-10-13
C04499,Customer 04499,Corporate,Kandy,2025-09-18
C04500,Customer 04500,Consumer,Kandy,2025-02-01
C04501,Customer 04501,Consumer,Kurunegala,2023-12-01
C04502,Customer 04502,Corporate,Kandy,2023-10-10
C04503,Customer 04503,Small Business,Kurunegala,2024-12-24
C04504,Customer 04504,Consumer,Anuradhapura,2025-07-02
C04505,Customer 04505,Small Business,Kurunegala,2023-04-13
C04506,Customer 04506,Small Business,Colombo,2023-07-14
C04507,Customer 04507,Small Business,Colombo,2025-08-29
C04508,Customer 04508,Consumer,Anuradhapura,2023-09-09
C04509,Customer 04509,Consumer,Jaffna,2025-06-12
C04510,Customer 04510,Corporate,Galle,2023-09-29
C04511,Customer 04511,Consumer,Batticaloa,2024-05-11
C04512,Customer 04512,Consumer,Jaffna,2023-10-17
C04513,Customer 04513,Consumer,Jaffna,2024-10-12
C04514,Customer 04514,Corporate,Kandy,2023-01-04
C04515,Customer 04515,Small Business,Jaffna,2024-05-17
C04516,Customer 04516,Consumer,Colombo,2024-12-28
C04517,Customer 04517,Small Business,Negombo,2024-03-04
C04518,Customer 04518,Corporate,Jaffna,2024-09-20
C04519,Customer 04519,Corporate,Batticaloa,2024-10-15
C04520,Customer 04520,Small Business,Galle,2024-06-27
C04521,Customer 04521,Corporate,Jaffna,2025-06-17
C04522,Customer 04522,Corporate,Batticaloa,2025-06-15
C04523,Customer 04523,Small Business,Anuradhapura,2024-05-16
C04524,Customer 04524,Corporate,Batticaloa,2024-09-04
C04525,Customer 04525,Consumer,Jaffna,2023-10-30
C04526,Customer 04526,Corporate,Anuradhapura,2023-04-26
C04527,Customer 04527,Corporate,Kurunegala,2025-09-19
C04528,Customer 04528,Small Business,Anuradhapura,2023-09-11
C04529,Customer 04529,Consumer,Batticaloa,2023-04-29
C04530,Customer 04530,Corporate,Kandy,2025-09-06
C04531,Customer 04531,Small Business,Anuradhapura,2023-12-22
C04532,Customer 04532,Consumer,Batticaloa,2024-12-22
C04533,Customer 04533,Corporate,Anuradhapura,2025-05-10
C04534,Customer 04534,Consumer,Colombo,2024-12-04
C04535,Customer 04535,Corporate,Jaffna,2023-10-25
C04536,Customer 04536,Corporate,Colombo,2025-06-30
C04537,Customer 04537,Corporate,Negombo,2024-07-29
C04538,Customer 04538,Corporate,Anuradhapura,2024-11-22
C04539,Customer 04539,Corporate,Anuradhapura,2024-02-05
C04540,Customer 04540,Corporate,Colombo,2024-02-13
C04541,Customer 04541,Corporate,Jaffna,2023-10-02
C04542,Customer 04542,Small Business,Colombo,2023-12-14
C04543,Customer 04543,Corporate,Anuradhapura,2023-11-12
C04544,Customer 04544,Small Business,Galle,2023-08-15
C04545,Customer 04545,Consumer,Kandy,2024-07-02
C04546,Customer 04546,Small Business,Kurunegala,2025-08-28
C04547,Customer 04547,Small Business,Colombo,2023-05-13
C04548,Customer 04548,Small Business,Colombo,2025-08-31
C04549,Customer 04549,Corporate,Kandy,2025-04-01
C04550,Customer 04550,Small Business,Kurunegala,2025-03-10
C04551,Customer 04551,Corporate,Kandy,2025-07-23
C04552,Customer 04552,Consumer,Jaffna,2024-11-01
C04553,Customer 04553,Small Business,Jaffna,2024-01-06
C04554,Customer 04554,Small Business,Anuradhapura,2023-06-10
C04555,Customer 04555,Small Business,Jaffna,2025-05-30
C04556,Customer 04556,Consumer,Kurunegala,2023-10-25
C04557,Customer 04557,Corporate,Jaffna,2023-12-06
C04558,Customer 04558,Small Business,Jaffna,2024-07-20
C04559,Customer 04559,Consumer,Colombo,2025-08-20
C04560,Customer 04560,Consumer,Kandy,2025-05-15
C04561,Customer 04561,Corporate,Batticaloa,2024-05-28
C04562,Customer 04562,Consumer,Negombo,2023-02-13
C04563,Customer 04563,Consumer,Jaffna,2023-11-05
C04564,Customer 04564,Small Business,Jaffna,2024-10-08
C04565,Customer 04565,Corporate,Kandy,2023-02-04
C04566,Customer 04566,Corporate,Anuradhapura,2025-04-12
C04567,Customer 04567,Small Business,Negombo,2023-05-15
C04568,Customer 04568,Consumer,Kandy,2025-06-01
C04569,Customer 04569,Small Business,Anuradhapura,2023-03-17
C04570,Customer 04570,Consumer,Galle,2023-01-21
C04571,Customer 04571,Small Business,Anuradhapura,2023-04-08
C04572,Customer 04572,Small Business,Negombo,2023-07-18
C04573,Customer 04573,Corporate,Anuradhapura,2025-03-14
C04574,Customer 04574,Small Business,Colombo,2024-06-08
C04575,Customer 04575,Corporate,Batticaloa,2023-11-06
C04576,Customer 04576,Consumer,Negombo,2023-07-27
C04577,Customer 04577,Small Business,Batticaloa,2025-09-19
C04578,Customer 04578,Corporate,Anuradhapura,2024-01-21
C04579,Customer 04579,Consumer,Anuradhapura,2023-04-06
C04580,Customer 04580,Corporate,Batticaloa,2024-07-28
C04581,Customer 04581,Small Business,Jaffna,2023-10-19
C04582,Customer 04582,Consumer,Batticaloa,2024-01-27
C04583,Customer 04583,Corporate,Kurunegala,2025-01-15
C04584,Customer 04584,Small Business,Kandy,2025-02-20
C04585,Customer 04585,Consumer,Colombo,2024-04-08
C04586,Customer 04586,Consumer,Batticaloa,2024-02-11
C04587,Customer 04587,Corporate,Kandy,2024-01-14
C04588,Customer 04588,Corporate,Kurunegala,2024-10-20
C04589,Customer 04589,Small Business,Kandy,2023-05-28
C04590,Customer 04590,Small Business,Galle,2023-04-08
C04591,Customer 04591,Corporate,Jaffna,2023-08-01
C04592,Customer 04592,Consumer,Anuradhapura,2023-03-27
C04593,Customer 04593,Corporate,Jaffna,2024-09-23
C04594,Customer 04594,Corporate,Negombo,2023-03-02
C04595,Customer 04595,Corporate,Kurunegala,2024-02-26
C04596,Customer 04596,Consumer,Colombo,2025-05-04
C04597,Customer 04597,Small Business,Anuradhapura,2023-11-26
C04598,Customer 04598,Consumer,Negombo,2025-06-11
C04599,Customer 04599,Consumer,Batticaloa,2024-12-07
C04600,Customer 04600,Corporate,Kurunegala,2024-07-12
C04601,Customer 04601,Small Business,Jaffna,2025-09-09
C04602,Customer 04602,Corporate,Batticaloa,2023-11-26
C04603,Customer 04603,Small Business,Kandy,2024-06-10
C04604,Customer 04604,Consumer,Anuradhapura,2025-08-01
C04605,Customer 04605,Consumer,Anuradhapura,2024-12-17
C04606,Customer 04606,Consumer,Galle,2023-05-11
C04607,Customer 04607,Small Business,Kandy,2024-06-16
C04608,Customer 04608,Consumer,Batticaloa,2023-06-20
C04609,Customer 04609,Consumer,Colombo,2025-06-09
C04610,Customer 04610,Corporate,Batticaloa,2025-06-25
C04611,Customer 04611,Small Business,Batticaloa,2023-06-24
C04612,Customer 04612,Small Business,Anuradhapura,2023-05-24
C04613,Customer 04613,Consumer,Negombo,2024-02-13
C04614,Customer 04614,Corporate,Negombo,2023-05-01
C04615,Customer 04615,Small Business,Negombo,2025-01-07
C04616,Customer 04616,Corporate,Kurunegala,2024-06-19
C04617,Customer 04617,Small Business,Galle,2024-07-31
C04618,Customer 04618,Corporate,Jaffna,2023-05-25
C04619,Customer 04619,Small Business,Kurunegala,2025-04-02
C04620,Customer 04620,Small Business,Negombo,2024-06-15
C04621,Customer 04621,Corporate,Jaffna,2024-04-28
C04622,Customer 04622,Corporate,Galle,2025-08-16
C04623,Customer 04623,Small Business,Batticaloa,2023-06-18
C04624,Customer 04624,Corporate,Anuradhapura,2023-01-11
C04625,Customer 04625,Consumer,Batticaloa,2023-07-03
C04626,Customer 04626,Consumer,Negombo,2023-03-10
C04627,Customer 04627,Consumer,Jaffna,2024-12-19
C04628,Customer 04628,Consumer,Batticaloa,2024-12-11
C04629,Customer 04629,Consumer,Colombo,2023-12-05
C04630,Customer 04630,Corporate,Galle,2024-10-01
C04631,Customer 04631,Corporate,Jaffna,2023-03-10
C04632,Customer 04632,Small Business,Colombo,2023-12-20
C04633,Customer 04633,Consumer,Negombo,2025-08-08
C04634,Customer 04634,Corporate,Negombo,2023-10-19
C04635,Customer 04635,Small Business,Anuradhapura,2024-01-12
C04636,Customer 04636,Corporate,Jaffna,2025-08-14
C04637,Customer 04637,Small Business,Galle,2023-03-21
C04638,Customer 04638,Small Business,Jaffna,2023-04-16
C04639,Customer 04639,Consumer,Negombo,2023-10-14
C04640,Customer 04640,Consumer,Galle,2024-07-31
C04641,Customer 04641,Small Business,Anuradhapura,2025-03-27
C04642,Customer 04642,Small Business,Negombo,2023-12-05
C04643,Customer 04643,Small Business,Batticaloa,2025-09-16
C04644,Customer 04644,Consumer,Colombo,2023-08-03
C04645,Customer 04645,Consumer,Jaffna,2025-03-13
C04646,Customer 04646,Small Business,Galle,2023-04-04
C04647,Customer 04647,Consumer,Batticaloa,2023-05-27
C04648,Customer 04648,Consumer,Kurunegala,2025-06-14
C04649,Customer 04649,Consumer,Galle,2023-03-21
C04650,Customer 04650,Corporate,Anuradhapura,2024-06-07
C04651,Customer 04651,Corporate,Kurunegala,2024-11-11
C04652,Customer 04652,Small Business,Kandy,2023-11-06
C04653,Customer 04653,Small Business,Anuradhapura,2023-09-04
C04654,Customer 04654,Corporate,Batticaloa,2024-01-22
C04655,Customer 04655,Corporate,Kurunegala,2023-12-30
C04656,Customer 04656,Consumer,Jaffna,2024-06-27
C04657,Customer 04657,Consumer,Negombo,2025-09-05
C04658,Customer 04658,Consumer,Anuradhapura,2024-12-29
C04659,Customer 04659,Corporate,Batticaloa,2024-07-27
C04660,Customer 04660,Corporate,Kandy,2024-12-12
C04661,Customer 04661,Corporate,Kurunegala,2024-07-25
C04662,Customer 04662,Consumer,Kurunegala,2023-07-02
C04663,Customer 04663,Corporate,Kurunegala,2025-05-25
C04664,Customer 04664,Corporate,Jaffna,2025-01-15
C04665,Customer 04665,Small Business,Jaffna,2024-09-23
C04666,Customer 04666,Corporate,Galle,2024-01-27
C04667,Customer 04667,Small Business,Colombo,2025-08-13
C04668,Customer 04668,Corporate,Kurunegala,2023-07-20
C04669,Customer 04669,Consumer,Colombo,2024-06-22
C04670,Customer 04670,Corporate,Kurunegala,2024-08-23
C04671,Customer 04671,Corporate,Negombo,2023-04-07
C04672,Customer 04672,Consumer,Negombo,2024-05-29
C04673,Customer 04673,Small Business,Negombo,2023-02-04
C04674,Customer 04674,Corporate,Anuradhapura,2024-10-19
C04675,Customer 04675,Small Business,Negombo,2023-02-14
C04676,Customer 04676,Small Business,Colombo,2023-10-08
C04677,Customer 04677,Small Business,Colombo,2025-09-21
C04678,Customer 04678,Small Business,Batticaloa,2025-06-02
C04679,Customer 04679,Small Business,Batticaloa,2024-09-14
C04680,Customer 04680,Consumer,Batticaloa,2024-05-17
C04681,Customer 04681,Small Business,Kandy,2025-02-06
C04682,Customer 04682,Corporate,Colombo,2023-02-09
C04683,Customer 04683,Small Business,Galle,2024-09-19
C04684,Customer 04684,Small Business,Galle,2024-12-23
C04685,Customer 04685,Consumer,Kandy,2025-06-10
C04686,Customer 04686,Consumer,Colombo,2024-03-05
C04687,Customer 04687,Small Business,Colombo,2024-03-30
C04688,Customer 04688,Consumer,Negombo,2023-11-18
C04689,Customer 04689,Consumer,Colombo,2025-05-23
C04690,Customer 04690,Small Business,Kurunegala,2023-12-07
C04691,Customer 04691,Small Business,Galle,2025-07-08
C04692,Customer 04692,Small Business,Kurunegala,2025-07-16
C04693,Customer 04693,Consumer,Anuradhapura,2024-06-12
C04694,Customer 04694,Small Business,Colombo,2024-03-02
C04695,Customer 04695,Consumer,Galle,2023-03-08
C04696,Customer 04696,Corporate,Kandy,2025-01-16
C04697,Customer 04697,Corporate,Colombo,2023-06-26
C04698,Customer 04698,Small Business,Jaffna,2023-10-10
C04699,Customer 04699,Small Business,Anuradhapura,2024-12-06
C04700,Customer 04700,Small Business,Colombo,2023-06-27
C04701,Customer 04701,Corporate,Kurunegala,2023-11-15
C04702,Customer 04702,Corporate,Batticaloa,2023-05-01
C04703,Customer 04703,Small Business,Kandy,2024-08-04
C04704,Customer 04704,Corporate,Kandy,2024-08-02
C04705,Customer 04705,Consumer,Galle,2023-04-30
C04706,Customer 04706,Consumer,Galle,2025-01-17
C04707,Customer 04707,Small Business,Colombo,2023-11-22
C04708,Customer 04708,Consumer,Colombo,2025-02-24
C04709,Customer 04709,Small Business,Kurunegala,2023-08-11
C04710,Customer 04710,Consumer,Jaffna,2024-04-16
C04711,Customer 04711,Small Business,Jaffna,2023-11-12
C04712,Customer 04712,Small Business,Galle,2025-02-04
C04713,Customer 04713,Consumer,Anuradhapura,2023-11-14
C04714,Customer 04714,Corporate,Galle,2024-12-23
C04715,Customer 04715,Consumer,Kurunegala,2023-10-13
C04716,Customer 04716,Consumer,Jaffna,2024-02-28
C04717,Customer 04717,Consumer,Galle,2023-10-07
C04718,Customer 04718,Corporate,Batticaloa,2023-10-30
C04719,Customer 04719,Consumer,Batticaloa,2023-09-28
C04720,Customer 04720,Small Business,Kurunegala,2023-12-30
C04721,Customer 04721,Small Business,Batticaloa,2023-12-24
C04722,Customer 04722,Small Business,Galle,2025-04-29
C04723,Customer 04723,Small Business,Anuradhapura,2023-02-07
C04724,Customer 04724,Small Business,Jaffna,2023-06-09
C04725,Customer 04725,Corporate,Kurunegala,2024-12-20
C04726,Customer 04726,Small Business,Negombo,2024-10-23
C04727,Customer 04727,Corporate,Negombo,2023-08-01
C04728,Customer 04728,Small Business,Jaffna,2023-04-03
C04729,Customer 04729,Consumer,Batticaloa,2023-09-22
C04730,Customer 04730,Consumer,Kandy,2023-09-25
C04731,Customer 04731,Small Business,Galle,2024-06-13
C04732,Customer 04732,Consumer,Batticaloa,2024-05-01
C04733,Customer 04733,Corporate,Kurunegala,2024-08-23
C04734,Customer 04734,Corporate,Colombo,2024-07-31
C04735,Customer 04735,Small Business,Kandy,2023-11-27
C04736,Customer 04736,Corporate,Colombo,2024-10-06
C04737,Customer 04737,Corporate,Batticaloa,2023-06-12
C04738,Customer 04738,Corporate,Kandy,2023-12-09
C04739,Customer 04739,Corporate,Negombo,2023-07-11
C04740,Customer 04740,Corporate,Galle,2023-06-16
C04741,Customer 04741,Consumer,Batticaloa,2025-02-09
C04742,Customer 04742,Small Business,Batticaloa,2025-04-08
C04743,Customer 04743,Small Business,Anuradhapura,2024-08-30
C04744,Customer 04744,Corporate,Batticaloa,2025-01-18
C04745,Customer 04745,Consumer,Negombo,2025-05-04
C04746,Customer 04746,Corporate,Kurunegala,2025-01-10
C04747,Customer 04747,Small Business,Anuradhapura,2024-05-09
C04748,Customer 04748,Consumer,Jaffna,2023-11-04
C04749,Customer 04749,Small Business,Kandy,2025-02-20
C04750,Customer 04750,Corporate,Negombo,2024-03-07
C04751,Customer 04751,Small Business,Anuradhapura,2025-09-03
C04752,Customer 04752,Consumer,Galle,2024-08-30
C04753,Customer 04753,Consumer,Negombo,2024-06-08
C04754,Customer 04754,Small Business,Jaffna,2025-06-26
C04755,Customer 04755,Small Business,Galle,2025-09-01
C04756,Customer 04756,Small Business,Kurunegala,2023-05-14
C04757,Customer 04757,Consumer,Kandy,2025-03-18
C04758,Customer 04758,Consumer,Kurunegala,2023-11-13
C04759,Customer 04759,Corporate,Galle,2024-04-14
C04760,Customer 04760,Consumer,Galle,2024-04-16
C04761,Customer 04761,Consumer,Negombo,2023-07-25
C04762,Customer 04762,Consumer,Galle,2023-11-11
C04763,Customer 04763,Consumer,Anuradhapura,2023-08-30
C04764,Customer 04764,Small Business,Jaffna,2023-04-03
C04765,Customer 04765,Small Business,Kurunegala,2023-06-07
C04766,Customer 04766,Corporate,Galle,2023-01-06
C04767,Customer 04767,Consumer,Batticaloa,2023-12-19
C04768,Customer 04768,Small Business,Anuradhapura,2024-07-17
C04769,Customer 04769,Consumer,Batticaloa,2024-12-16
C04770,Customer 04770,Corporate,Batticaloa,2024-11-15
C04771,Customer 04771,Consumer,Kandy,2024-12-24
C04772,Customer 04772,Consumer,Kurunegala,2024-02-01
C04773,Customer 04773,Consumer,Anuradhapura,2025-02-20
C04774,Customer 04774,Corporate,Negombo,2025-03-02
C04775,Customer 04775,Small Business,Anuradhapura,2025-04-19
C04776,Customer 04776,Corporate,Kandy,2024-09-03
C04777,Customer 04777,Corporate,Colombo,2023-12-22
C04778,Customer 04778,Small Business,Galle,2023-08-16
C04779,Customer 04779,Consumer,Kurunegala,2025-02-25
C04780,Customer 04780,Corporate,Colombo,2024-01-06
C04781,Customer 04781,Small Business,Anuradhapura,2024-09-17
C04782,Customer 04782,Consumer,Jaffna,2025-07-25
C04783,Customer 04783,Corporate,Jaffna,2023-05-22
C04784,Customer 04784,Consumer,Negombo,2023-02-15
C04785,Customer 04785,Consumer,Kurunegala,2024-03-21
C04786,Customer 04786,Small Business,Galle,2024-01-29
C04787,Customer 04787,Consumer,Negombo,2024-03-11
C04788,Customer 04788,Corporate,Batticaloa,2023-11-15
C04789,Customer 04789,Corporate,Anuradhapura,2023-02-05
C04790,Customer 04790,Consumer,Anuradhapura,2023-07-03
C04791,Customer 04791,Small Business,Kandy,2024-11-29
C04792,Customer 04792,Consumer,Kurunegala,2024-04-21
C04793,Customer 04793,Small Business,Kandy,2024-12-03
C04794,Customer 04794,Corporate,Colombo,2024-11-02
C04795,Customer 04795,Corporate,Galle,2023-06-14
C04796,Customer 04796,Small Business,Anuradhapura,2024-08-11
C04797,Customer 04797,Corporate,Colombo,2024-12-03
C04798,Customer 04798,Small Business,Anuradhapura,2024-05-12
C04799,Customer 04799,Consumer,Negombo,2024-03-08
C04800,Customer 04800,Corporate,Kandy,2024-03-11
C04801,Customer 04801,Corporate,Kurunegala,2024-09-10
C04802,Customer 04802,Corporate,Kurunegala,2025-03-10
C04803,Customer 04803,Small Business,Kurunegala,2025-05-14
C04804,Customer 04804,Consumer,Anuradhapura,2023-04-25
C04805,Customer 04805,Corporate,Kandy,2024-06-28
C04806,Customer 04806,Consumer,Kurunegala,2023-06-03
C04807,Customer 04807,Small Business,Negombo,2025-08-28
C04808,Customer 04808,Small Business,Batticaloa,2023-07-22
C04809,Customer 04809,Consumer,Batticaloa,2024-03-21
C04810,Customer 04810,Consumer,Kandy,2023-10-16
C04811,Customer 04811,Corporate,Batticaloa,2025-06-07
C04812,Customer 04812,Consumer,Kurunegala,2024-01-11
C04813,Customer 04813,Corporate,Kurunegala,2023-09-16
C04814,Customer 04814,Corporate,Colombo,2024-11-22
C04815,Customer 04815,Corporate,Galle,2024-07-09
C04816,Customer 04816,Corporate,Anuradhapura,2023-10-28
C04817,Customer 04817,Corporate,Kurunegala,2023-01-18
C04818,Customer 04818,Small Business,Colombo,2023-11-01
C04819,Customer 04819,Consumer,Kurunegala,2024-09-02
C04820,Customer 04820,Consumer,Anuradhapura,2025-01-19
C04821,Customer 04821,Consumer,Kandy,2023-09-12
C04822,Customer 04822,Consumer,Galle,2024-07-01
C04823,Customer 04823,Consumer,Batticaloa,2025-01-14
C04824,Customer 04824,Corporate,Kurunegala,2024-03-17
C04825,Customer 04825,Corporate,Jaffna,2025-09-22
C04826,Customer 04826,Small Business,Batticaloa,2025-07-29
C04827,Customer 04827,Consumer,Kurunegala,2023-02-11
C04828,Customer 04828,Consumer,Galle,2024-01-17
C04829,Customer 04829,Small Business,Kandy,2024-09-15
C04830,Customer 04830,Small Business,Kandy,2024-01-27
C04831,Customer 04831,Small Business,Negombo,2023-12-12
C04832,Customer 04832,Corporate,Colombo,2024-03-08
C04833,Customer 04833,Small Business,Negombo,2023-07-08
C04834,Customer 04834,Small Business,Kandy,2025-01-08
C04835,Customer 04835,Corporate,Kandy,2025-05-06
C04836,Customer 04836,Consumer,Negombo,2025-03-23
C04837,Customer 04837,Small Business,Jaffna,2023-11-07
C04838,Customer 04838,Consumer,Kurunegala,2024-12-11
C04839,Customer 04839,Corporate,Jaffna,2024-08-10
C04840,Customer 04840,Corporate,Negombo,2025-02-17
C04841,Customer 04841,Small Business,Galle,2025-02-03
C04842,Customer 04842,Small Business,Colombo,2023-10-11
C04843,Customer 04843,Corporate,Galle,2024-09-11
C04844,Customer 04844,Corporate,Negombo,2024-11-25
C04845,Customer 04845,Corporate,Jaffna,2023-01-06
C04846,Customer 04846,Corporate,Galle,2023-01-20
C04847,Customer 04847,Corporate,Batticaloa,2023-10-09
C04848,Customer 04848,Small Business,Kurunegala,2024-09-05
C04849,Customer 04849,Consumer,Jaffna,2023-04-10
C04850,Customer 04850,Small Business,Kurunegala,2023-01-19
C04851,Customer 04851,Consumer,Negombo,2023-08-15
C04852,Customer 04852,Small Business,Batticaloa,2025-01-15
C04853,Customer 04853,Corporate,Kurunegala,2024-08-25
C04854,Customer 04854,Corporate,Batticaloa,2024-07-08
C04855,Customer 04855,Small Business,Colombo,2025-08-10
C04856,Customer 04856,Corporate,Kurunegala,2023-12-18
C04857,Customer 04857,Corporate,Galle,2023-12-21
C04858,Customer 04858,Small Business,Batticaloa,2024-04-18
C04859,Customer 04859,Small Business,Galle,2023-08-04
C04860,Customer 04860,Corporate,Negombo,2024-11-20
C04861,Customer 04861,Consumer,Kandy,2024-02-17
C04862,Customer 04862,Corporate,Kurunegala,2024-10-08
C04863,Customer 04863,Consumer,Kurunegala,2023-03-27
C04864,Customer 04864,Corporate,Kurunegala,2023-11-08
C04865,Customer 04865,Small Business,Batticaloa,2024-04-07
C04866,Customer 04866,Consumer,Galle,2023-01-31
C04867,Customer 04867,Corporate,Anuradhapura,2024-10-01
C04868,Customer 04868,Consumer,Negombo,2024-03-01
C04869,Customer 04869,Small Business,Batticaloa,2024-07-23
C04870,Customer 04870,Corporate,Galle,2023-08-29
C04871,Customer 04871,Small Business,Kandy,2024-01-23
C04872,Customer 04872,Corporate,Jaffna,2023-04-10
C04873,Customer 04873,Consumer,Negombo,2023-08-05
C04874,Customer 04874,Consumer,Anuradhapura,2023-07-02
C04875,Customer 04875,Corporate,Kurunegala,2024-07-17
C04876,Customer 04876,Consumer,Anuradhapura,2025-02-08
C04877,Customer 04877,Small Business,Negombo,2025-07-11
C04878,Customer 04878,Corporate,Kandy,2023-11-24
C04879,Customer 04879,Small Business,Kurunegala,2024-11-11
C04880,Customer 04880,Small Business,Anuradhapura,2024-05-29
C04881,Customer 04881,Corporate,Batticaloa,2023-08-19
C04882,Customer 04882,Corporate,Negombo,2025-02-13
C04883,Customer 04883,Corporate,Galle,2025-04-25
C04884,Customer 04884,Consumer,Anuradhapura,2025-08-04
C04885,Customer 04885,Consumer,Kurunegala,2023-10-23
C04886,Customer 04886,Corporate,Galle,2025-02-20
C04887,Customer 04887,Consumer,Anuradhapura,2024-11-30
C04888,Customer 04888,Small Business,Anuradhapura,2024-08-17
C04889,Customer 04889,Corporate,Anuradhapura,2025-09-24
C04890,Customer 04890,Small Business,Colombo,2023-07-13
C04891,Customer 04891,Consumer,Galle,2024-09-25
C04892,Customer 04892,Small Business,Kandy,2024-09-16
C04893,Customer 04893,Small Business,Anuradhapura,2024-09-05
C04894,Customer 04894,Consumer,Kurunegala,2025-08-26
C04895,Customer 04895,Consumer,Galle,2024-09-16
C04896,Customer 04896,Small Business,Batticaloa,2024-08-05
C04897,Customer 04897,Consumer,Kurunegala,2024-12-01
C04898,Customer 04898,Small Business,Anuradhapura,2023-01-24
C04899,Customer 04899,Small Business,Jaffna,2024-07-19
C04900,Customer 04900,Consumer,Batticaloa,2025-05-20
C04901,Customer 04901,Small Business,Jaffna,2024-01-13
C04902,Customer 04902,Corporate,Jaffna,2023-06-29
C04903,Customer 04903,Consumer,Negombo,2023-11-27
C04904,Customer 04904,Consumer,Jaffna,2023-03-08
C04905,Customer 04905,Corporate,Batticaloa,2024-08-14
C04906,Customer 04906,Small Business,Batticaloa,2023-09-08
C04907,Customer 04907,Consumer,Batticaloa,2023-09-05
C04908,Customer 04908,Small Business,Kandy,2024-05-27
C04909,Customer 04909,Small Business,Kurunegala,2025-04-02
C04910,Customer 04910,Consumer,Jaffna,2025-06-12
C04911,Customer 04911,Small Business,Kandy,2024-04-18
C04912,Customer 04912,Small Business,Colombo,2023-01-08
C04913,Customer 04913,Small Business,Anuradhapura,2024-11-29
C04914,Customer 04914,Small Business,Batticaloa,2025-06-06
C04915,Customer 04915,Corporate,Kandy,2025-06-01
C04916,Customer 04916,Corporate,Negombo,2025-03-12
C04917,Customer 04917,Small Business,Kandy,2025-06-23
C04918,Customer 04918,Small Business,Colombo,2025-01-02
C04919,Customer 04919,Corporate,Colombo,2024-03-25
C04920,Customer 04920,Corporate,Colombo,2023-10-27
C04921,Customer 04921,Corporate,Batticaloa,2024-01-08
C04922,Customer 04922,Consumer,Kandy,2024-03-14
C04923,Customer 04923,Corporate,Kandy,2023-05-30
C04924,Customer 04924,Consumer,Kurunegala,2025-01-09
C04925,Customer 04925,Small Business,Kurunegala,2024-02-27
C04926,Customer 04926,Consumer,Batticaloa,2023-05-26
C04927,Customer 04927,Corporate,Kandy,2023-08-04
C04928,Customer 04928,Small Business,Kandy,2023-12-04
C04929,Customer 04929,Small Business,Batticaloa,2024-04-14
C04930,Customer 04930,Consumer,Negombo,2025-02-09
C04931,Customer 04931,Corporate,Batticaloa,2023-12-17
C04932,Customer 04932,Corporate,Negombo,2023-12-05
C04933,Customer 04933,Corporate,Colombo,2024-08-04
C04934,Customer 04934,Consumer,Galle,2025-02-18
C04935,Customer 04935,Corporate,Colombo,2024-06-18
C04936,Customer 04936,Corporate,Kurunegala,2023-08-15
C04937,Customer 04937,Corporate,Negombo,2024-12-31
C04938,Customer 04938,Small Business,Galle,2025-08-25
C04939,Customer 04939,Small Business,Negombo,2024-08-04
C04940,Customer 04940,Small Business,Batticaloa,2024-05-01
C04941,Customer 04941,Corporate,Galle,2024-11-20
C04942,Customer 04942,Small Business,Galle,2025-01-31
C04943,Customer 04943,Small Business,Negombo,2023-05-31
C04944,Customer 04944,Corporate,Negombo,2025-05-29
C04945,Customer 04945,Consumer,Colombo,2024-10-14
C04946,Customer 04946,Consumer,Negombo,2025-05-21
C04947,Customer 04947,Small Business,Colombo,2023-06-01
C04948,Customer 04948,Corporate,Anuradhapura,2023-09-23
C04949,Customer 04949,Small Business,Galle,2024-05-03
C04950,Customer 04950,Corporate,Galle,2025-09-22
C04951,Customer 04951,Small Business,Kurunegala,2024-08-24
C04952,Customer 04952,Corporate,Anuradhapura,2024-06-19
C04953,Customer 04953,Corporate,Galle,2025-06-05
C04954,Customer 04954,Small Business,Batticaloa,2025-06-10
C04955,Customer 04955,Corporate,Anuradhapura,2023-06-29
C04956,Customer 04956,Small Business,Kandy,2023-01-15
C04957,Customer 04957,Consumer,Negombo,2023-12-17
C04958,Customer 04958,Consumer,Galle,2023-07-31
C04959,Customer 04959,Small Business,Kandy,2023-10-12
C04960,Customer 04960,Consumer,Kurunegala,2024-10-27
C04961,Customer 04961,Corporate,Colombo,2024-05-25
C04962,Customer 04962,Small Business,Jaffna,2025-05-10
C04963,Customer 04963,Consumer,Kurunegala,2025-01-29
C04964,Customer 04964,Consumer,Anuradhapura,2024-11-11
C04965,Customer 04965,Consumer,Kurunegala,2024-10-03
C04966,Customer 04966,Consumer,Negombo,2024-06-03
C04967,Customer 04967,Small Business,Kandy,2024-07-20
C04968,Customer 04968,Consumer,Batticaloa,2025-09-20
C04969,Customer 04969,Small Business,Jaffna,2024-08-03
C04970,Customer 04970,Corporate,Galle,2023-09-08
C04971,Customer 04971,Small Business,Jaffna,2024-12-07
C04972,Customer 04972,Small Business,Batticaloa,2023-08-22
C04973,Customer 04973,Consumer,Negombo,2023-07-01
C04974,Customer 04974,Corporate,Kandy,2024-07-19
C04975,Customer 04975,Consumer,Kandy,2025-01-30
C04976,Customer 04976,Consumer,Negombo,2025-07-16
C04977,Customer 04977,Consumer,Jaffna,2023-03-04
C04978,Customer 04978,Small Business,Batticaloa,2023-09-07
C04979,Customer 04979,Consumer,Colombo,2024-04-20
C04980,Customer 04980,Small Business,Kandy,2023-11-23
C04981,Customer 04981,Corporate,Kandy,2023-07-21
C04982,Customer 04982,Consumer,Batticaloa,2024-03-28
C04983,Customer 04983,Consumer,Jaffna,2023-07-22
C04984,Customer 04984,Corporate,Negombo,2024-09-04
C04985,Customer 04985,Consumer,Anuradhapura,2024-08-05
C04986,Customer 04986,Consumer,Batticaloa,2025-05-31
C04987,Customer 04987,Small Business,Jaffna,2025-03-07
C04988,Customer 04988,Small Business,Batticaloa,2024-08-26
C04989,Customer 04989,Corporate,Anuradhapura,2023-01-01
C04990,Customer 04990,Corporate,Batticaloa,2024-09-07
C04991,Customer 04991,Consumer,Kurunegala,2024-10-08
C04992,Customer 04992,Corporate,Negombo,2024-06-03
C04993,Customer 04993,Small Business,Negombo,2025-09-01
C04994,Customer 04994,Small Business,Jaffna,2023-09-28
C04995,Customer 04995,Corporate,Negombo,2023-12-16
C04996,Customer 04996,Corporate,Kandy,2024-10-02
C04997,Customer 04997,Consumer,Batticaloa,2025-09-27
C04998,Customer 04998,Corporate,Batticaloa,2023-01-07
C04999,Customer 04999,Consumer,Galle,2024-05-22
C05000,Customer 05000,Corporate,Negombo,2023-03-09
